File Name,Depth,File Type,Parent Directories,GitHub URL,Lines
plugin.xml,2,XML,"META-INF, resources",https://github.com/Mohsen-Dirbaz-Organization/AutoAgenets-2/blob/DefaultBranch/src/main/resources/META-INF/plugin.xml,207
http://AgentStatusBar.java,4,Java,ui,https://github.com/Mohsen-Dirbaz-Organization/AutoAgenets-2/blob/DefaultBranch/src/main/java/com/IDE/plugin/ui/AgentStatusBar.java,288
http://AutoAgentsSettings.java,4,Java,settings,https://github.com/Mohsen-Dirbaz-Organization/AutoAgenets-2/blob/DefaultBranch/src/main/java/com/IDE/plugin/settings/AutoAgentsSettings.java,221
http://AutoAgentsToolWindowFactory.java,4,Java,ui,https://github.com/Mohsen-Dirbaz-Organization/AutoAgenets-2/blob/DefaultBranch/src/main/java/com/IDE/plugin/ui/AutoAgentsToolWindowFactory.java,1001
http://AgentDeploymentPanel.java,5,Java,"station, ui",https://github.com/Mohsen-Dirbaz-Organization/AutoAgenets-2/blob/DefaultBranch/src/main/java/com/IDE/plugin/ui/station/AgentDeploymentPanel.java,664
http://ClaudeCodeBridge.java,5,Java,"ai, services",https://github.com/Mohsen-Dirbaz-Organization/AutoAgenets-2/blob/DefaultBranch/src/main/java/com/IDE/plugin/ai/services/ClaudeCodeBridge.java,396
http://ClaudeCodeIntegrationService.java,5,Java,"ai, services",https://github.com/Mohsen-Dirbaz-Organization/AutoAgenets-2/blob/DefaultBranch/src/main/java/com/IDE/plugin/ai/services/ClaudeCodeIntegrationService.java,395
http://ClaudeRequest.java,5,Java,"ai, services",https://github.com/Mohsen-Dirbaz-Organization/AutoAgenets-2/blob/DefaultBranch/src/main/java/com/IDE/plugin/ai/services/ClaudeRequest.java,121
http://ClaudeResponse.java,5,Java,"ai, services",https://github.com/Mohsen-Dirbaz-Organization/AutoAgenets-2/blob/DefaultBranch/src/main/java/com/IDE/plugin/ai/services/ClaudeResponse.java,100
http://ClaudeResponseHandler.java,5,Java,"ai, services",https://github.com/Mohsen-Dirbaz-Organization/AutoAgenets-2/blob/DefaultBranch/src/main/java/com/IDE/plugin/ai/services/ClaudeResponseHandler.java,618
http://ClaudeTaskAdapter.java,5,Java,"ai, services",https://github.com/Mohsen-Dirbaz-Organization/AutoAgenets-2/blob/DefaultBranch/src/main/java/com/IDE/plugin/ai/services/ClaudeTaskAdapter.java,456
http://ConversationMessage.java,5,Java,"ai, services",https://github.com/Mohsen-Dirbaz-Organization/AutoAgenets-2/blob/DefaultBranch/src/main/java/com/IDE/plugin/ai/services/ConversationMessage.java,45
http://StationControlPanel.java,5,Java,"station, ui",https://github.com/Mohsen-Dirbaz-Organization/AutoAgenets-2/blob/DefaultBranch/src/main/java/com/IDE/plugin/ui/station/StationControlPanel.java,1045
http://StationManagementPanel.java,5,Java,"station, ui",https://github.com/Mohsen-Dirbaz-Organization/AutoAgenets-2/blob/DefaultBranch/src/main/java/com/IDE/plugin/ui/station/StationManagementPanel.java,588
http://StationMonitoringPanel.java,5,Java,"station, ui",https://github.com/Mohsen-Dirbaz-Organization/AutoAgenets-2/blob/DefaultBranch/src/main/java/com/IDE/plugin/ui/station/StationMonitoringPanel.java,833
http://StationViewManager.java,5,Java,"station, ui",https://github.com/Mohsen-Dirbaz-Organization/AutoAgenets-2/blob/DefaultBranch/src/main/java/com/IDE/plugin/ui/station/StationViewManager.java,527
http://ToolCall.java,5,Java,"ai, services",https://github.com/Mohsen-Dirbaz-Organization/AutoAgenets-2/blob/DefaultBranch/src/main/java/com/IDE/plugin/ai/services/ToolCall.java,37
http://Agent.java,6,Java,"agent, multiagent",https://github.com/Mohsen-Dirbaz-Organization/AutoAgenets-2/blob/DefaultBranch/src/main/java/com/IDE/plugin/ai/multiagent/agent/Agent.java,58
http://AgentCapability.java,6,Java,"model, multiagent",https://github.com/Mohsen-Dirbaz-Organization/AutoAgenets-2/blob/DefaultBranch/src/main/java/com/IDE/plugin/ai/multiagent/model/AgentCapability.java,108
http://AgentCoordinatorService.java,6,Java,"multiagent, services",https://github.com/Mohsen-Dirbaz-Organization/AutoAgenets-2/blob/DefaultBranch/src/main/java/com/IDE/plugin/ai/multiagent/services/AgentCoordinatorService.java,697
http://AgentEvent.java,6,Java,"core, multiagent",https://github.com/Mohsen-Dirbaz-Organization/AutoAgenets-2/blob/DefaultBranch/src/main/java/com/IDE/plugin/ai/multiagent/core/AgentEvent.java,104
http://AgentManagementService.java,6,Java,"multiagent, services",https://github.com/Mohsen-Dirbaz-Organization/AutoAgenets-2/blob/DefaultBranch/src/main/java/com/IDE/plugin/ai/multiagent/services/AgentManagementService.java,380
http://AgentMessage.java,6,Java,"model, multiagent",https://github.com/Mohsen-Dirbaz-Organization/AutoAgenets-2/blob/DefaultBranch/src/main/java/com/IDE/plugin/ai/multiagent/model/AgentMessage.java,133
http://AgentMetrics.java,6,Java,"core, multiagent",https://github.com/Mohsen-Dirbaz-Organization/AutoAgenets-2/blob/DefaultBranch/src/main/java/com/IDE/plugin/ai/multiagent/core/AgentMetrics.java,132
http://AgentRegistrationRequest.java,6,Java,"core, multiagent",https://github.com/Mohsen-Dirbaz-Organization/AutoAgenets-2/blob/DefaultBranch/src/main/java/com/IDE/plugin/ai/multiagent/core/AgentRegistrationRequest.java,37
http://AgentRole.java,6,Java,"model, multiagent",https://github.com/Mohsen-Dirbaz-Organization/AutoAgenets-2/blob/DefaultBranch/src/main/java/com/IDE/plugin/ai/multiagent/model/AgentRole.java,41
http://AgentState.java,6,Java,"model, multiagent",https://github.com/Mohsen-Dirbaz-Organization/AutoAgenets-2/blob/DefaultBranch/src/main/java/com/IDE/plugin/ai/multiagent/model/AgentState.java,41
http://ArchitectAgent.java,6,Java,"agent, multiagent",https://github.com/Mohsen-Dirbaz-Organization/AutoAgenets-2/blob/DefaultBranch/src/main/java/com/IDE/plugin/ai/multiagent/agent/ArchitectAgent.java,306
http://BaseAgent.java,6,Java,"agent, multiagent",https://github.com/Mohsen-Dirbaz-Organization/AutoAgenets-2/blob/DefaultBranch/src/main/java/com/IDE/plugin/ai/multiagent/agent/BaseAgent.java,406
http://ClaudeCodeIntegration.java,6,Java,"integration, multiagent",https://github.com/Mohsen-Dirbaz-Organization/AutoAgenets-2/blob/DefaultBranch/src/main/java/com/IDE/plugin/ai/multiagent/integration/ClaudeCodeIntegration.java,322
http://CodeEditorAgent.java,6,Java,"agent, multiagent",https://github.com/Mohsen-Dirbaz-Organization/AutoAgenets-2/blob/DefaultBranch/src/main/java/com/IDE/plugin/ai/multiagent/agent/CodeEditorAgent.java,522
http://Collision.java,6,Java,"collision, multiagent",https://github.com/Mohsen-Dirbaz-Organization/AutoAgenets-2/blob/DefaultBranch/src/main/java/com/IDE/plugin/ai/multiagent/collision/Collision.java,87
http://CollisionResolution.java,6,Java,"collision, multiagent",https://github.com/Mohsen-Dirbaz-Organization/AutoAgenets-2/blob/DefaultBranch/src/main/java/com/IDE/plugin/ai/multiagent/collision/CollisionResolution.java,142
http://EnhancedBaseAgent.java,6,Java,"agent, multiagent",https://github.com/Mohsen-Dirbaz-Organization/AutoAgenets-2/blob/DefaultBranch/src/main/java/com/IDE/plugin/ai/multiagent/agent/EnhancedBaseAgent.java,116
http://EventBus.java,6,Java,"core, multiagent",https://github.com/Mohsen-Dirbaz-Organization/AutoAgenets-2/blob/DefaultBranch/src/main/java/com/IDE/plugin/ai/multiagent/core/EventBus.java,117
http://GroupTaskRequest.java,6,Java,"core, multiagent",https://github.com/Mohsen-Dirbaz-Organization/AutoAgenets-2/blob/DefaultBranch/src/main/java/com/IDE/plugin/ai/multiagent/core/GroupTaskRequest.java,57
http://HealthSeverity.java,6,Java,"core, multiagent",https://github.com/Mohsen-Dirbaz-Organization/AutoAgenets-2/blob/DefaultBranch/src/main/java/com/IDE/plugin/ai/multiagent/core/HealthSeverity.java,31
http://MemoryManager.java,6,Java,"memory, multiagent",https://github.com/Mohsen-Dirbaz-Organization/AutoAgenets-2/blob/DefaultBranch/src/main/java/com/IDE/plugin/ai/multiagent/memory/MemoryManager.java,214
http://Message.java,6,Java,"communication, multiagent",https://github.com/Mohsen-Dirbaz-Organization/AutoAgenets-2/blob/DefaultBranch/src/main/java/com/IDE/plugin/ai/multiagent/communication/Message.java,92
http://MessageBus.java,6,Java,"communication, multiagent",https://github.com/Mohsen-Dirbaz-Organization/AutoAgenets-2/blob/DefaultBranch/src/main/java/com/IDE/plugin/ai/multiagent/communication/MessageBus.java,512
http://MessageHandler.java,6,Java,"communication, multiagent",https://github.com/Mohsen-Dirbaz-Organization/AutoAgenets-2/blob/DefaultBranch/src/main/java/com/IDE/plugin/ai/multiagent/communication/MessageHandler.java,12
http://MessageType.java,6,Java,"communication, multiagent",https://github.com/Mohsen-Dirbaz-Organization/AutoAgenets-2/blob/DefaultBranch/src/main/java/com/IDE/plugin/ai/multiagent/communication/MessageType.java,69
http://ObserverAgent.java,6,Java,"agent, multiagent",https://github.com/Mohsen-Dirbaz-Organization/AutoAgenets-2/blob/DefaultBranch/src/main/java/com/IDE/plugin/ai/multiagent/agent/ObserverAgent.java,450
http://ServiceException.java,6,Java,"core, multiagent",https://github.com/Mohsen-Dirbaz-Organization/AutoAgenets-2/blob/DefaultBranch/src/main/java/com/IDE/plugin/ai/multiagent/core/ServiceException.java,88
http://SharedContext.java,6,Java,"core, multiagent",https://github.com/Mohsen-Dirbaz-Organization/AutoAgenets-2/blob/DefaultBranch/src/main/java/com/IDE/plugin/ai/multiagent/core/SharedContext.java,69
http://Station.java,6,Java,"multiagent, station",https://github.com/Mohsen-Dirbaz-Organization/AutoAgenets-2/blob/DefaultBranch/src/main/java/com/IDE/plugin/ai/multiagent/station/Station.java,276
http://StationConfiguration.java,6,Java,"multiagent, station",https://github.com/Mohsen-Dirbaz-Organization/AutoAgenets-2/blob/DefaultBranch/src/main/java/com/IDE/plugin/ai/multiagent/station/StationConfiguration.java,152
http://StationManager.java,6,Java,"multiagent, station",https://github.com/Mohsen-Dirbaz-Organization/AutoAgenets-2/blob/DefaultBranch/src/main/java/com/IDE/plugin/ai/multiagent/station/StationManager.java,420
http://StationStatus.java,6,Java,"multiagent, station",https://github.com/Mohsen-Dirbaz-Organization/AutoAgenets-2/blob/DefaultBranch/src/main/java/com/IDE/plugin/ai/multiagent/station/StationStatus.java,245
http://SystemHealthStatus.java,6,Java,"core, multiagent",https://github.com/Mohsen-Dirbaz-Organization/AutoAgenets-2/blob/DefaultBranch/src/main/java/com/IDE/plugin/ai/multiagent/core/SystemHealthStatus.java,195
http://SystemMonitor.java,6,Java,"core, multiagent",https://github.com/Mohsen-Dirbaz-Organization/AutoAgenets-2/blob/DefaultBranch/src/main/java/com/IDE/plugin/ai/multiagent/core/SystemMonitor.java,66
http://Task.java,6,Java,"model, multiagent",https://github.com/Mohsen-Dirbaz-Organization/AutoAgenets-2/blob/DefaultBranch/src/main/java/com/IDE/plugin/ai/multiagent/model/Task.java,140
http://TaskResult.java,6,Java,"model, multiagent",https://github.com/Mohsen-Dirbaz-Organization/AutoAgenets-2/blob/DefaultBranch/src/main/java/com/IDE/plugin/ai/multiagent/model/TaskResult.java,143
http://TaskScheduler.java,6,Java,"core, multiagent",https://github.com/Mohsen-Dirbaz-Organization/AutoAgenets-2/blob/DefaultBranch/src/main/java/com/IDE/plugin/ai/multiagent/core/TaskScheduler.java,155
http://TrustedMessageBus.java,6,Java,"communication, multiagent",https://github.com/Mohsen-Dirbaz-Organization/AutoAgenets-2/blob/DefaultBranch/src/main/java/com/IDE/plugin/ai/multiagent/communication/TrustedMessageBus.java,599
http://TrustLevel.java,6,Java,"multiagent, trust",https://github.com/Mohsen-Dirbaz-Organization/AutoAgents-2/blob/DefaultBranch/src/main/java/com/IDE/plugin/ai/multiagent/trust/TrustLevel.java,
http://TrustManager.java,6,Java,"multiagent, trust",https://github.com/Mohsen-Dirbaz-Organization/AutoAgents-2/blob/DefaultBranch/src/main/java/com/IDE/plugin/ai/multiagent/trust/TrustManager.java,
http://TrustMetrics.java,6,Java,"multiagent, trust",https://github.com/Mohsen-Dirbaz-Organization/AutoAgents-2/blob/DefaultBranch/src/main/java/com/IDE/plugin/ai/multiagent/trust/TrustMetrics.java,
http://TrustScore.java,6,Java,"multiagent, trust",https://github.com/Mohsen-Dirbaz-Organization/AutoAgents-2/blob/DefaultBranch/src/main/java/com/IDE/plugin/ai/multiagent/trust/TrustScore.java,
http://AgentFactory.java,7,Java,"agent, factories, multiagent",https://github.com/Mohsen-Dirbaz-Organization/AutoAgenets-2/blob/DefaultBranch/src/main/java/com/IDE/plugin/ai/multiagent/agent/factories/AgentFactory.java,70
http://ByzantineFaultTolerance.java,7,Java,"consensus, multiagent, trust",https://github.com/Mohsen-Dirbaz-Organization/AutoAgents-2/blob/DefaultBranch/src/main/java/com/IDE/plugin/ai/multiagent/trust/consensus/ByzantineFaultTolerance.java,681
http://EnhancedCollisionHandler.java,7,Java,"collision, core, multiagent",https://github.com/Mohsen-Dirbaz-Organization/AutoAgenets-2/blob/DefaultBranch/src/main/java/com/IDE/plugin/ai/multiagent/collision/core/EnhancedCollisionHandler.java,684
http://EpisodicMemory.java,7,Java,"core, memory, multiagent",https://github.com/Mohsen-Dirbaz-Organization/AutoAgenets-2/blob/DefaultBranch/src/main/java/com/IDE/plugin/ai/multiagent/memory/core/EpisodicMemory.java,431
http://MechanicalMessageBridge.java,7,Java,"integration, mechanical, multiagent",https://github.com/Mohsen-Dirbaz-Organization/AutoAgenets-2/blob/DefaultBranch/src/main/java/com/IDE/plugin/ai/multiagent/mechanical/integration/MechanicalMessageBridge.java,777
http://MechanicalSignal.java,7,Java,"mechanical, multiagent, validation",https://github.com/Mohsen-Dirbaz-Organization/AutoAgenets-2/blob/DefaultBranch/src/main/java/com/IDE/plugin/ai/multiagent/mechanical/validation/MechanicalSignal.java,82
http://MechanicalSignalAnalyzer.java,7,Java,"mechanical, multiagent, validation",https://github.com/Mohsen-Dirbaz-Organization/AutoAgenets-2/blob/DefaultBranch/src/main/java/com/IDE/plugin/ai/multiagent/mechanical/validation/MechanicalSignalAnalyzer.java,397
http://MechanicalSignalComposer.java,7,Java,"mechanical, multiagent, protocol",https://github.com/Mohsen-Dirbaz-Organization/AutoAgents-2/blob/DefaultBranch/src/main/java/com/IDE/plugin/ai/multiagent/mechanical/protocol/MechanicalSignalComposer.java,482
http://MechanicalSignalingProtocol.java,7,Java,"mechanical, multiagent, protocol",https://github.com/Mohsen-Dirbaz-Organization/AutoAgents-2/blob/DefaultBranch/src/main/java/com/IDE/plugin/ai/multiagent/mechanical/protocol/MechanicalSignalingProtocol.java,519
http://MechanicalSignalQueue.java,7,Java,"mechanical, multiagent, transmission",https://github.com/Mohsen-Dirbaz-Organization/AutoAgents-2/blob/DefaultBranch/src/main/java/com/IDE/plugin/ai/multiagent/mechanical/transmission/MechanicalSignalQueue.java,481
http://MechanicalSignalReceiver.java,7,Java,"mechanical, multiagent, protocol",https://github.com/Mohsen-Dirbaz-Organization/AutoAgents-2/blob/DefaultBranch/src/main/java/com/IDE/plugin/ai/multiagent/mechanical/protocol/MechanicalSignalReceiver.java,585
http://MechanicalSignalRouter.java,7,Java,"mechanical, multiagent, transmission",https://github.com/Mohsen-Dirbaz-Organization/AutoAgents-2/blob/DefaultBranch/src/main/java/com/IDE/plugin/ai/multiagent/mechanical/transmission/MechanicalSignalRouter.java,617
http://MechanicalSignalTransmitter.java,7,Java,"mechanical, multiagent, transmission",https://github.com/Mohsen-Dirbaz-Organization/AutoAgents-2/blob/DefaultBranch/src/main/java/com/IDE/plugin/ai/multiagent/mechanical/transmission/MechanicalSignalTransmitter.java,413
http://MechanicalSignalValidator.java,7,Java,"mechanical, multiagent, validation",https://github.com/Mohsen-Dirbaz-Organization/AutoAgenets-2/blob/DefaultBranch/src/main/java/com/IDE/plugin/ai/multiagent/mechanical/validation/MechanicalSignalValidator.java,328
http://MemoryStateManager.java,7,Java,"core, memory, multiagent",https://github.com/Mohsen-Dirbaz-Organization/AutoAgenets-2/blob/DefaultBranch/src/main/java/com/IDE/plugin/ai/multiagent/memory/core/MemoryStateManager.java,408
http://MemorySynchronizer.java,7,Java,"memory, multiagent, sync",https://github.com/Mohsen-Dirbaz-Organization/AutoAgents-2/blob/DefaultBranch/src/main/java/com/IDE/plugin/ai/multiagent/memory/sync/MemorySynchronizer.java,546
http://PersistenceModels.java,7,Java,"mechanical, multiagent, persistence",https://github.com/Mohsen-Dirbaz-Organization/AutoAgenets-2/blob/DefaultBranch/src/main/java/com/IDE/plugin/ai/multiagent/mechanical/persistence/PersistenceModels.java,708
http://ProtocolCoordinator.java,7,Java,"mechanical, multiagent, protocol",https://github.com/Mohsen-Dirbaz-Organization/AutoAgents-2/blob/DefaultBranch/src/main/java/com/IDE/plugin/ai/multiagent/mechanical/protocol/ProtocolCoordinator.java,528
http://ProtocolModels.java,7,Java,"mechanical, multiagent, protocol",https://github.com/Mohsen-Dirbaz-Organization/AutoAgents-2/blob/DefaultBranch/src/main/java/com/IDE/plugin/ai/multiagent/mechanical/protocol/ProtocolModels.java,882
http://RAFTConsensus.java,7,Java,"consensus, multiagent, trust",https://github.com/Mohsen-Dirbaz-Organization/AutoAgents-2/blob/DefaultBranch/src/main/java/com/IDE/plugin/ai/multiagent/trust/consensus/RAFTConsensus.java,768
http://ReputationManager.java,7,Java,"multiagent, reputation, trust",https://github.com/Mohsen-Dirbaz-Organization/AutoAgenets-2/blob/DefaultBranch/src/main/java/com/IDE/plugin/ai/multiagent/trust/reputation/ReputationManager.java,807
http://SemanticMemory.java,7,Java,"core, memory, multiagent",https://github.com/Mohsen-Dirbaz-Organization/AutoAgenets-2/blob/DefaultBranch/src/main/java/com/IDE/plugin/ai/multiagent/memory/core/SemanticMemory.java,472
http://SignalMultiplexer.java,7,Java,"mechanical, multiagent, persistence",https://github.com/Mohsen-Dirbaz-Organization/AutoAgenets-2/blob/DefaultBranch/src/main/java/com/IDE/plugin/ai/multiagent/mechanical/persistence/SignalMultiplexer.java,521
http://SignalPersistence.java,7,Java,"mechanical, multiagent, persistence",https://github.com/Mohsen-Dirbaz-Organization/AutoAgenets-2/blob/DefaultBranch/src/main/java/com/IDE/plugin/ai/multiagent/mechanical/persistence/SignalPersistence.java,572
http://SignalValidationCoordinator.java,7,Java,"mechanical, multiagent, validation",https://github.com/Mohsen-Dirbaz-Organization/AutoAgenets-2/blob/DefaultBranch/src/main/java/com/IDE/plugin/ai/multiagent/mechanical/validation/SignalValidationCoordinator.java,353
http://StatePersistenceService.java,7,Java,"memory, multiagent, persistence",https://github.com/Mohsen-Dirbaz-Organization/AutoAgents-2/blob/DefaultBranch/src/main/java/com/IDE/plugin/ai/multiagent/memory/persistence/StatePersistenceService.java,469
http://ThresholdSignature.java,7,Java,"authorization, multiagent, trust",https://github.com/Mohsen-Dirbaz-Organization/AutoAgents-2/blob/DefaultBranch/src/main/java/com/IDE/plugin/ai/multiagent/collision/core/EnhancedCollisionHandler.java,684
http://TransmissionCoordinator.java,7,Java,"mechanical, multiagent, transmission",https://github.com/Mohsen-Dirbaz-Organization/AutoAgents-2/blob/DefaultBranch/src/main/java/com/IDE/plugin/ai/multiagent/mechanical/transmission/TransmissionCoordinator.java,510
http://TransmissionModels.java,7,Java,"mechanical, multiagent, transmission",https://github.com/Mohsen-Dirbaz-Organization/AutoAgents-2/blob/DefaultBranch/src/main/java/com/IDE/plugin/ai/multiagent/mechanical/transmission/TransmissionModels.java,298
http://ValidationModels.java,7,Java,"mechanical, multiagent, validation",https://github.com/Mohsen-Dirbaz-Organization/AutoAgenets-2/blob/DefaultBranch/src/main/java/com/IDE/plugin/ai/multiagent/mechanical/validation/ValidationModels.java,283
http://WorkingMemory.java,7,Java,"core, memory, multiagent",https://github.com/Mohsen-Dirbaz-Organization/AutoAgents-2/blob/DefaultBranch/src/main/java/com/IDE/plugin/ai/multiagent/memory/core/WorkingMemory.java,329
http://AdministrativeHistoryManager.java,8,Java,"history, multiagent",https://github.com/Mohsen-Dirbaz-Organization/AutoAgents-2/blob/DefaultBranch/src/main/java/com/IDE/plugin/ai/multiagent/history/AdministrativeHistoryManager.java,218
http://AgentEvent.java,8,Java,"event, multiagent",https://github.com/Mohsen-Dirbaz-Organization/AutoAgents-2/blob/DefaultBranch/src/main/java/com/IDE/plugin/ai/multiagent/event/AgentEvent.java,130
http://EventBus.java,8,Java,"event, multiagent",https://github.com/Mohsen-Dirbaz-Organization/AutoAgents-2/blob/DefaultBranch/src/main/java/com/IDE/plugin/ai/multiagent/event/EventBus.java,47
http://PerformanceMetrics.java,8,Java,"monitor, multiagent",https://github.com/Mohsen-Dirbaz-Organization/AutoAgents-2/blob/DefaultBranch/src/main/java/com/IDE/plugin/ai/multiagent/monitor/PerformanceMetrics.java,218
http://SharedContext.java,8,Java,"context, multiagent",https://github.com/Mohsen-Dirbaz-Organization/AutoAgents-2/blob/DefaultBranch/src/main/java/com/IDE/plugin/ai/multiagent/context/SharedContext.java,102
http://GroupCoordinationFramework.java,9,Java,"coordination, multiagent",https://github.com/Mohsen-Dirbaz-Organization/AutoAgents-2/blob/DefaultBranch/src/main/java/com/IDE/plugin/ai/multiagent/coordination/GroupCoordinationFramework.java,646
http://HistoryManager.java,9,Java,"core, history, multiagent",https://github.com/Mohsen-Dirbaz-Organization/AutoAgents-2/blob/DefaultBranch/src/main/java/com/IDE/plugin/ai/multiagent/history/core/HistoryManager.java,423
