Task name,Completed?,Assignee,Due,Priority,Assignee_status,Blocked by,Created time,Files,Is blocking,Last edited time,Parent-task,Project,Ref,Section,Status 1,Sub-tasks,Supporting work,Tags,Task type
"Ch 21 HINT: Missouri-Montana Parallel - Same Absurdity, Different State",Not started,,,,upcoming,,"October 24, 2025 3:43 PM (CDT)",,,"October 25, 2025 6:50 AM (CDT)",,Climate (https://www.notion.so/8296e6b323ec4600be416c819a39dc2f?pvs=21),,The Strategic Imperative of Anti-Missile Sky Coverage for America's Least Likely Target,,,,,default_task
Ch 7 HINT: Montana Institutions - Can't Mobilize Without Infrastructure,Not started,,,,upcoming,,"October 24, 2025 3:43 PM (CDT)",,,"October 24, 2025 3:43 PM (CDT)",,Climate (https://www.notion.so/8296e6b323ec4600be416c819a39dc2f?pvs=21),,The Strategic Imperative of Anti-Missile Sky Coverage for America's Least Likely Target,,,,,default_task
Ch 3 HINT: Montana Economic Returns - The 80:1 ROI We're Ignoring,Not started,,,,upcoming,,"October 24, 2025 3:43 PM (CDT)",,,"October 24, 2025 3:43 PM (CDT)",,Climate (https://www.notion.so/8296e6b323ec4600be416c819a39dc2f?pvs=21),,The Strategic Imperative of Anti-Missile Sky Coverage for America's Least Likely Target,,,,,default_task
Ch 2 HINT: Montana Students - Education Without Infrastructure,Not started,,,,upcoming,,"October 24, 2025 3:43 PM (CDT)",,,"October 24, 2025 3:43 PM (CDT)",,Climate (https://www.notion.so/8296e6b323ec4600be416c819a39dc2f?pvs=21),,The Strategic Imperative of Anti-Missile Sky Coverage for America's Least Likely Target,,,,,default_task
Ch 1 HINT: Montana Missiles - Fiscal Priorities Revealed,Not started,,,,upcoming,,"October 24, 2025 3:43 PM (CDT)",,,"October 24, 2025 3:43 PM (CDT)",,Climate (https://www.notion.so/8296e6b323ec4600be416c819a39dc2f?pvs=21),,The Strategic Imperative of Anti-Missile Sky Coverage for America's Least Likely Target,,,,,default_task
Ch 4 MAIN: Montana Missiles vs. Broadband - Strategic Absurdity Case Study,Not started,,,,upcoming,,"October 24, 2025 3:43 PM (CDT)",,,"October 24, 2025 3:43 PM (CDT)",,Climate (https://www.notion.so/8296e6b323ec4600be416c819a39dc2f?pvs=21),,The Strategic Imperative of Anti-Missile Sky Coverage for America's Least Likely Target,,,,,default_task
Index,Not started,,,,upcoming,,"October 24, 2025 4:00 PM (CDT)",,,"October 24, 2025 4:00 PM (CDT)",,Climate (https://www.notion.so/8296e6b323ec4600be416c819a39dc2f?pvs=21),,Chapters,,,,,default_task
Bibliography,Not started,,,,upcoming,,"October 24, 2025 4:00 PM (CDT)",,,"October 24, 2025 4:00 PM (CDT)",,Climate (https://www.notion.so/8296e6b323ec4600be416c819a39dc2f?pvs=21),,Chapters,,,,,default_task
Appendix E: Case Studies,Not started,,,,upcoming,,"October 24, 2025 4:00 PM (CDT)",,,"October 25, 2025 6:51 AM (CDT)",,Climate (https://www.notion.so/8296e6b323ec4600be416c819a39dc2f?pvs=21),,Chapters,change in child directory,11.6 Electrician Union Worker from Albuquerque Who Ran for Office (https://www.notion.so/073facdb0959459c8b12cbecc2bed3d6?pvs=21),,,default_task
11.6 Electrician Union Worker from Albuquerque Who Ran for Office,Not started,,,,upcoming,,"October 15, 2025 5:47 PM (CDT)",,,"October 25, 2025 6:40 AM (CDT)",Appendix E: Case Studies (https://www.notion.so/ff1ef2fb6a3e444aac1c5b150194c080?pvs=21),Climate (https://www.notion.so/8296e6b323ec4600be416c819a39dc2f?pvs=21),,Chapters,,,,,default_task
Appendix D: Data Sources and Methodology,Not started,,,,upcoming,,"October 24, 2025 4:00 PM (CDT)",,,"October 24, 2025 4:00 PM (CDT)",,Climate (https://www.notion.so/8296e6b323ec4600be416c819a39dc2f?pvs=21),,Chapters,,,,,default_task
Appendix C: Economic Models and Assumptions,Not started,,,,upcoming,,"October 24, 2025 4:00 PM (CDT)",,,"October 24, 2025 4:00 PM (CDT)",,Climate (https://www.notion.so/8296e6b323ec4600be416c819a39dc2f?pvs=21),,Chapters,,,,,default_task
Appendix B: Legislative Templates,Not started,,,,upcoming,,"October 24, 2025 4:00 PM (CDT)",,,"October 24, 2025 4:00 PM (CDT)",,Climate (https://www.notion.so/8296e6b323ec4600be416c819a39dc2f?pvs=21),,Chapters,,,,,default_task
Appendix A: Heatmap Gallery and Technical Data,Not started,,,,upcoming,,"October 24, 2025 4:00 PM (CDT)",,,"October 24, 2025 4:00 PM (CDT)",,Climate (https://www.notion.so/8296e6b323ec4600be416c819a39dc2f?pvs=21),,Chapters,,,,,default_task
Chapter 28: Prosecuting Inequity — The Path Forward,Not started,,,,upcoming,,"October 24, 2025 4:00 PM (CDT)",,,"October 24, 2025 4:00 PM (CDT)",,Climate (https://www.notion.so/8296e6b323ec4600be416c819a39dc2f?pvs=21),,Chapters,,,,,default_task
Chapter 27: Implementation Roadmap,Not started,,,,upcoming,,"October 24, 2025 4:00 PM (CDT)",,,"October 24, 2025 4:00 PM (CDT)",,Climate (https://www.notion.so/8296e6b323ec4600be416c819a39dc2f?pvs=21),,Chapters,,,,,default_task
Chapter 26: The Equity Imperative in Climate Investment,Not started,,,,upcoming,,"October 24, 2025 4:00 PM (CDT)",,,"October 24, 2025 4:00 PM (CDT)",,Climate (https://www.notion.so/8296e6b323ec4600be416c819a39dc2f?pvs=21),,Chapters,,,,,default_task
Chapter 25: Social Decay as Unified Metric,Not started,,,,upcoming,,"October 24, 2025 4:00 PM (CDT)",,,"October 24, 2025 4:00 PM (CDT)",,Climate (https://www.notion.so/8296e6b323ec4600be416c819a39dc2f?pvs=21),,Chapters,,,,,default_task
Chapter 24: Climate Investment in the Age of Dollar Decline,Not started,,,,upcoming,,"October 24, 2025 4:00 PM (CDT)",,,"October 24, 2025 4:00 PM (CDT)",,Climate (https://www.notion.so/8296e6b323ec4600be416c819a39dc2f?pvs=21),,Chapters,,,,,default_task
Chapter 23: Preventing Benefit Concentration in Hydrogen Deployment,Not started,,,,upcoming,,"October 24, 2025 4:00 PM (CDT)",,,"October 24, 2025 4:00 PM (CDT)",,Climate (https://www.notion.so/8296e6b323ec4600be416c819a39dc2f?pvs=21),,Chapters,,,,,default_task
Chapter 22: Institutional Mobilization: Religious Capital Deployment,Not started,,,,upcoming,,"October 24, 2025 4:00 PM (CDT)",,,"October 24, 2025 4:00 PM (CDT)",,Climate (https://www.notion.so/8296e6b323ec4600be416c819a39dc2f?pvs=21),,Chapters,,,,,default_task
Chapter 20: Connecting Policy Guardrails to Technical Pathways,Not started,,,,upcoming,,"October 24, 2025 4:00 PM (CDT)",,,"October 24, 2025 4:00 PM (CDT)",,Climate (https://www.notion.so/8296e6b323ec4600be416c819a39dc2f?pvs=21),,Chapters,,,,,default_task
Chapter 21: Regional Implementation: Missouri as Case Study,Not started,,,,upcoming,,"October 24, 2025 4:00 PM (CDT)",,,"October 24, 2025 4:00 PM (CDT)",,Climate (https://www.notion.so/8296e6b323ec4600be416c819a39dc2f?pvs=21),,Chapters,,,,,default_task
Chapter 19: End-Use Competition: Hydrogen vs. Battery-Electric Vehicles,Not started,,,,upcoming,,"October 24, 2025 4:00 PM (CDT)",,,"October 24, 2025 4:00 PM (CDT)",,Climate (https://www.notion.so/8296e6b323ec4600be416c819a39dc2f?pvs=21),,Chapters,,,,,default_task
Chapter 18: Comparative Analysis: Biomass vs. Coal vs. Natural Gas,Not started,,,,upcoming,,"October 24, 2025 4:00 PM (CDT)",,,"October 24, 2025 4:00 PM (CDT)",,Climate (https://www.notion.so/8296e6b323ec4600be416c819a39dc2f?pvs=21),,Chapters,,,,,default_task
Chapter 17: Financing Regimes and Macroeconomic Sensitivity,Not started,,,,upcoming,,"October 24, 2025 4:00 PM (CDT)",,,"October 24, 2025 4:00 PM (CDT)",,Climate (https://www.notion.so/8296e6b323ec4600be416c819a39dc2f?pvs=21),,Chapters,,,,,default_task
Chapter 15: Scaling Economics: Single Units to 100-Unit Clusters,Not started,,,,upcoming,,"October 24, 2025 4:00 PM (CDT)",,,"October 24, 2025 4:00 PM (CDT)",,Climate (https://www.notion.so/8296e6b323ec4600be416c819a39dc2f?pvs=21),,Chapters,,,,,default_task
Chapter 16: Operating Cost Structure and Sensitivity Analysis,Not started,,,,upcoming,,"October 24, 2025 4:00 PM (CDT)",,,"October 24, 2025 4:00 PM (CDT)",,Climate (https://www.notion.so/8296e6b323ec4600be416c819a39dc2f?pvs=21),,Chapters,,,,,default_task
Chapter 14: Feedstock Scenarios and Supply Chain Economics,Not started,,,,upcoming,,"October 24, 2025 4:00 PM (CDT)",,,"October 24, 2025 4:00 PM (CDT)",,Climate (https://www.notion.so/8296e6b323ec4600be416c819a39dc2f?pvs=21),,Chapters,,,,,default_task
Chapter 13: Biomass Gasification: Process Overview and Technology Options,Not started,,,,upcoming,,"October 24, 2025 4:00 PM (CDT)",,,"October 24, 2025 4:00 PM (CDT)",,Climate (https://www.notion.so/8296e6b323ec4600be416c819a39dc2f?pvs=21),,Chapters,,,,,default_task
Chapter 12: Performance Accountability and Conditional Benefits,Not started,,,,upcoming,,"October 24, 2025 4:00 PM (CDT)",,,"October 24, 2025 4:00 PM (CDT)",,Climate (https://www.notion.so/8296e6b323ec4600be416c819a39dc2f?pvs=21),,Chapters,,,,,default_task
Chapter 11: Parliament-Based Allocation and Stakeholder Representation,Not started,,,,upcoming,,"October 24, 2025 4:00 PM (CDT)",,,"October 24, 2025 4:00 PM (CDT)",,Climate (https://www.notion.so/8296e6b323ec4600be416c819a39dc2f?pvs=21),,Chapters,,,,,default_task
Chapter 10: Reusable Capital: Amplifying Public Investment Through Recycling,Not started,,,,upcoming,,"October 24, 2025 4:00 PM (CDT)",,,"October 24, 2025 4:00 PM (CDT)",,Climate (https://www.notion.so/8296e6b323ec4600be416c819a39dc2f?pvs=21),,Chapters,,,,,default_task
Chapter 9: Entrants vs. Incumbents: The Central Policy Challenge,Not started,,,,upcoming,,"October 24, 2025 4:00 PM (CDT)",,,"October 24, 2025 4:00 PM (CDT)",,Climate (https://www.notion.so/8296e6b323ec4600be416c819a39dc2f?pvs=21),,Chapters,,,,,default_task
Chapter 8: Clean Energy Credit Concentration and the Equity Failure,Not started,,,,upcoming,,"October 24, 2025 4:00 PM (CDT)",,,"October 24, 2025 4:00 PM (CDT)",,Climate (https://www.notion.so/8296e6b323ec4600be416c819a39dc2f?pvs=21),,Chapters,,,,,default_task
Chapter 7: Religious Institutional Resources and Accountability for Social Decay,Not started,,,,upcoming,,"October 24, 2025 4:00 PM (CDT)",,,"October 24, 2025 4:00 PM (CDT)",,Climate (https://www.notion.so/8296e6b323ec4600be416c819a39dc2f?pvs=21),,Chapters,,,,,default_task
Chapter 6: Municipal Solid Waste: The 812-Kilogram American in Marathon of Life,Not started,,,,upcoming,,"October 24, 2025 4:00 PM (CDT)",,,"October 24, 2025 4:00 PM (CDT)",,Climate (https://www.notion.so/8296e6b323ec4600be416c819a39dc2f?pvs=21),,Chapters,,,,,default_task
Chapter 5: The Electric Vehicle Decarbonization Gap,Not started,,,,upcoming,,"October 24, 2025 4:00 PM (CDT)",,,"October 24, 2025 4:00 PM (CDT)",,Climate (https://www.notion.so/8296e6b323ec4600be416c819a39dc2f?pvs=21),,Chapters,,,,,default_task
Chapter 3: The Digital Divide and Rural Economic Exclusion,Not started,,,,upcoming,,"October 24, 2025 4:00 PM (CDT)",,,"October 24, 2025 4:00 PM (CDT)",,Climate (https://www.notion.so/8296e6b323ec4600be416c819a39dc2f?pvs=21),,Chapters,,,,,default_task
Chapter 4: Opportunity Cost and Strategic Misallocation: The Golden Dome Case,Not started,,,,upcoming,,"October 24, 2025 4:00 PM (CDT)",,,"October 24, 2025 4:00 PM (CDT)",,Climate (https://www.notion.so/8296e6b323ec4600be416c819a39dc2f?pvs=21),,Chapters,,,,,default_task
Chapter 2: Educational Infrastructure Collapse and Intergenerational Theft,Not started,,,,upcoming,,"October 24, 2025 4:00 PM (CDT)",,,"October 24, 2025 4:00 PM (CDT)",,Climate (https://www.notion.so/8296e6b323ec4600be416c819a39dc2f?pvs=21),,Chapters,,,,,default_task
"Chapter 1: Currency, Competitiveness, and the Erosion of National Capacity",Not started,,,,upcoming,,"October 24, 2025 4:00 PM (CDT)",,,"October 25, 2025 6:39 AM (CDT)",,Climate (https://www.notion.so/8296e6b323ec4600be416c819a39dc2f?pvs=21),,Chapters,,A note to Hawkish Politicians (https://www.notion.so/0816b9d906e648ab99d17709f7314784?pvs=21),,,default_task
A note to Hawkish Politicians,Not started,,,,upcoming,,"October 24, 2025 5:36 PM (CDT)",,,"October 25, 2025 6:39 AM (CDT)","Chapter 1: Currency, Competitiveness, and the Erosion of National Capacity (https://www.notion.so/e0b3254ef5314c3cbb1a40579b5a4fd1?pvs=21)",Climate (https://www.notion.so/8296e6b323ec4600be416c819a39dc2f?pvs=21),,Chapters,,,,,default_task
Index,Not started,,,,upcoming,,"October 16, 2025 7:14 AM (CDT)",,,"October 16, 2025 7:14 AM (CDT)",,Climate (https://www.notion.so/8296e6b323ec4600be416c819a39dc2f?pvs=21),,Chapters and subsections,,,,,default_task
Bibliography,Not started,,,,upcoming,,"October 16, 2025 7:14 AM (CDT)",,,"October 16, 2025 7:14 AM (CDT)",,Climate (https://www.notion.so/8296e6b323ec4600be416c819a39dc2f?pvs=21),,Chapters and subsections,,,,,default_task
Appendix E: Case Studies,Not started,,,,upcoming,,"October 16, 2025 7:14 AM (CDT)",,,"October 16, 2025 7:14 AM (CDT)",,Climate (https://www.notion.so/8296e6b323ec4600be416c819a39dc2f?pvs=21),,Chapters and subsections,,,,,default_task
Appendix C: Economic Models and Assumptions,Not started,,,,upcoming,,"October 16, 2025 7:13 AM (CDT)",,,"October 16, 2025 7:13 AM (CDT)",,Climate (https://www.notion.so/8296e6b323ec4600be416c819a39dc2f?pvs=21),,Chapters and subsections,,,,,default_task
Appendix D: Data Sources and Methodology,Not started,,,,upcoming,,"October 16, 2025 7:13 AM (CDT)",,,"October 16, 2025 7:13 AM (CDT)",,Climate (https://www.notion.so/8296e6b323ec4600be416c819a39dc2f?pvs=21),,Chapters and subsections,,,,,default_task
Appendix B: Legislative Templates,Not started,,,,upcoming,,"October 16, 2025 7:13 AM (CDT)",,,"October 16, 2025 7:13 AM (CDT)",,Climate (https://www.notion.so/8296e6b323ec4600be416c819a39dc2f?pvs=21),,Chapters and subsections,,,,,default_task
Appendix A: Heatmap Gallery and Technical Data,Not started,,,,upcoming,,"October 16, 2025 7:13 AM (CDT)",,,"October 16, 2025 7:13 AM (CDT)",,Climate (https://www.notion.so/8296e6b323ec4600be416c819a39dc2f?pvs=21),,Chapters and subsections,,,,,default_task
Chapter 28: Prosecuting Inequity — The Path Forward,Not started,,,,upcoming,,"October 15, 2025 3:42 PM (CDT)",,,"October 15, 2025 3:44 PM (CDT)",,Climate (https://www.notion.so/8296e6b323ec4600be416c819a39dc2f?pvs=21),,Chapters and subsections,,,,,default_task
Chapter 27: Implementation Roadmap,Not started,,,,upcoming,,"October 15, 2025 3:40 PM (CDT)",,,"October 15, 2025 3:45 PM (CDT)",,Climate (https://www.notion.so/8296e6b323ec4600be416c819a39dc2f?pvs=21),,Chapters and subsections,,,,,default_task
Chapter 26: The Equity Imperative in Climate Investment,Not started,,,,upcoming,,"October 15, 2025 11:13 AM (CDT)",,,"October 15, 2025 11:13 AM (CDT)",,Climate (https://www.notion.so/8296e6b323ec4600be416c819a39dc2f?pvs=21),,Chapters and subsections,,,,,default_task
Chapter 25: Social Decay as Unified Metric,Not started,,,,upcoming,,"October 15, 2025 11:12 AM (CDT)",,,"October 15, 2025 11:12 AM (CDT)",,Climate (https://www.notion.so/8296e6b323ec4600be416c819a39dc2f?pvs=21),,Chapters and subsections,,,,,default_task
Chapter 23: Preventing Benefit Concentration in Hydrogen Deployment,Not started,,,,upcoming,,"October 15, 2025 11:11 AM (CDT)",,,"October 15, 2025 11:11 AM (CDT)",,Climate (https://www.notion.so/8296e6b323ec4600be416c819a39dc2f?pvs=21),,Chapters and subsections,,,,,default_task
Chapter 24: Climate Investment in the Age of Dollar Decline,Not started,,,,upcoming,,"October 15, 2025 11:11 AM (CDT)",,,"October 15, 2025 11:11 AM (CDT)",,Climate (https://www.notion.so/8296e6b323ec4600be416c819a39dc2f?pvs=21),,Chapters and subsections,,,,,default_task
Chapter 22: Institutional Mobilization: Religious Capital Deployment,Not started,,,,upcoming,,"October 15, 2025 11:09 AM (CDT)",,,"October 15, 2025 11:10 AM (CDT)",,Climate (https://www.notion.so/8296e6b323ec4600be416c819a39dc2f?pvs=21),,Chapters and subsections,,,,,default_task
Chapter 22: Institutional Mobilization: Religious Capital Deployment,Not started,,,,upcoming,,"October 15, 2025 11:05 AM (CDT)",,,"October 15, 2025 11:05 AM (CDT)",,Climate (https://www.notion.so/8296e6b323ec4600be416c819a39dc2f?pvs=21),,Chapters and subsections,,,,,default_task
Chapter 21: Regional Implementation: Missouri as Case Study,Not started,,,,upcoming,,"October 15, 2025 11:05 AM (CDT)",,,"October 15, 2025 3:11 PM (CDT)",,Climate (https://www.notion.so/8296e6b323ec4600be416c819a39dc2f?pvs=21),,Chapters and subsections,,,,Surgical Improvements,default_task
Chapter 20: Connecting Policy Guardrails to Technical Pathways,Not started,,,,upcoming,,"October 15, 2025 11:04 AM (CDT)",,,"October 15, 2025 11:04 AM (CDT)",,Climate (https://www.notion.so/8296e6b323ec4600be416c819a39dc2f?pvs=21),,Chapters and subsections,,,,,default_task
Chapter 19: End-Use Competition: Hydrogen vs. Battery-Electric Vehicles,Not started,,,,upcoming,,"October 15, 2025 11:04 AM (CDT)",,,"October 15, 2025 11:04 AM (CDT)",,Climate (https://www.notion.so/8296e6b323ec4600be416c819a39dc2f?pvs=21),,Chapters and subsections,,,,,default_task
Chapter 18: Comparative Analysis: Biomass vs. Coal vs. Natural Gas,Not started,,,,upcoming,,"October 15, 2025 11:03 AM (CDT)",,,"October 15, 2025 11:03 AM (CDT)",,Climate (https://www.notion.so/8296e6b323ec4600be416c819a39dc2f?pvs=21),,Chapters and subsections,,,,,default_task
Chapter 17: Financing Regimes and Macroeconomic Sensitivity,Not started,,,,upcoming,,"October 15, 2025 11:03 AM (CDT)",,,"October 15, 2025 11:03 AM (CDT)",,Climate (https://www.notion.so/8296e6b323ec4600be416c819a39dc2f?pvs=21),,Chapters and subsections,,,,,default_task
Chapter 15: Scaling Economics: Single Units to 100-Unit Clusters,Not started,,,,upcoming,,"October 15, 2025 11:02 AM (CDT)",,,"October 15, 2025 11:02 AM (CDT)",,Climate (https://www.notion.so/8296e6b323ec4600be416c819a39dc2f?pvs=21),,Chapters and subsections,,,,,default_task
Chapter 16: Operating Cost Structure and Sensitivity Analysis,Not started,,,,upcoming,,"October 15, 2025 11:03 AM (CDT)",,,"October 15, 2025 11:03 AM (CDT)",,Climate (https://www.notion.so/8296e6b323ec4600be416c819a39dc2f?pvs=21),,Chapters and subsections,,,,,default_task
Chapter 14: Feedstock Scenarios and Supply Chain Economics,Not started,,,,upcoming,,"October 15, 2025 11:02 AM (CDT)",,,"October 15, 2025 11:02 AM (CDT)",,Climate (https://www.notion.so/8296e6b323ec4600be416c819a39dc2f?pvs=21),,Chapters and subsections,,,,,default_task
Chapter 13: Biomass Gasification: Process Overview and Technology Options,Not started,,,,upcoming,,"October 15, 2025 11:02 AM (CDT)",,,"October 15, 2025 11:02 AM (CDT)",,Climate (https://www.notion.so/8296e6b323ec4600be416c819a39dc2f?pvs=21),,Chapters and subsections,,,,,default_task
Chapter 12: Performance Accountability and Conditional Benefits,Not started,,,,upcoming,,"October 15, 2025 11:01 AM (CDT)",,,"October 15, 2025 11:01 AM (CDT)",,Climate (https://www.notion.so/8296e6b323ec4600be416c819a39dc2f?pvs=21),,Chapters and subsections,,,,,default_task
Chapter 11: Parliament-Based Allocation and Stakeholder Representation,Not started,,,,upcoming,,"October 15, 2025 11:01 AM (CDT)",,,"October 25, 2025 6:39 AM (CDT)",,Climate (https://www.notion.so/8296e6b323ec4600be416c819a39dc2f?pvs=21),,Chapters and subsections,,,,,default_task
Chapter 10: Reusable Capital: Amplifying Public Investment Through Recycling,Not started,,,,upcoming,,"October 15, 2025 11:01 AM (CDT)",,,"October 15, 2025 11:01 AM (CDT)",,Climate (https://www.notion.so/8296e6b323ec4600be416c819a39dc2f?pvs=21),,Chapters and subsections,,,,,default_task
Chapter 9: Entrants vs. Incumbents: The Central Policy Challenge,Not started,,,,upcoming,,"October 15, 2025 11:01 AM (CDT)",,,"October 15, 2025 11:01 AM (CDT)",,Climate (https://www.notion.so/8296e6b323ec4600be416c819a39dc2f?pvs=21),,Chapters and subsections,,,,,default_task
Chapter 8: Clean Energy Credit Concentration and the Equity Failure,Not started,,,,upcoming,,"October 15, 2025 11:00 AM (CDT)",,,"October 15, 2025 11:00 AM (CDT)",,Climate (https://www.notion.so/8296e6b323ec4600be416c819a39dc2f?pvs=21),,Chapters and subsections,,,,,default_task
Chapter 7: Religious Institutional Resources and Accountability for Social Decay,Not started,,,,upcoming,,"October 15, 2025 11:00 AM (CDT)",,,"October 15, 2025 11:00 AM (CDT)",,Climate (https://www.notion.so/8296e6b323ec4600be416c819a39dc2f?pvs=21),,Chapters and subsections,,,,,default_task
Chapter 6: Municipal Solid Waste: The 812-Kilogram American in Marathon of Life,Not started,,,,upcoming,,"October 15, 2025 11:00 AM (CDT)",,,"October 15, 2025 12:18 PM (CDT)",,Climate (https://www.notion.so/8296e6b323ec4600be416c819a39dc2f?pvs=21),,Chapters and subsections,,,,,default_task
Chapter 5: The Electric Vehicle Decarbonization Gap,Not started,,,,upcoming,,"October 15, 2025 11:00 AM (CDT)",,,"October 15, 2025 12:48 PM (CDT)",,Climate (https://www.notion.so/8296e6b323ec4600be416c819a39dc2f?pvs=21),,Chapters and subsections,,,,,default_task
Chapter 3: The Digital Divide and Rural Economic Exclusion,Not started,,,,upcoming,,"October 15, 2025 10:59 AM (CDT)",,,"October 15, 2025 12:48 PM (CDT)",,Climate (https://www.notion.so/8296e6b323ec4600be416c819a39dc2f?pvs=21),,Chapters and subsections,,,,,default_task
Chapter 4: Opportunity Cost and Strategic Misallocation: The Golden Dome Case,Not started,,,,upcoming,,"October 15, 2025 11:00 AM (CDT)",,,"October 15, 2025 12:48 PM (CDT)",,Climate (https://www.notion.so/8296e6b323ec4600be416c819a39dc2f?pvs=21),,Chapters and subsections,,,,,default_task
Chapter 2: Educational Infrastructure Collapse and Intergenerational Theft,Not started,,,,upcoming,,"October 15, 2025 10:59 AM (CDT)",,,"October 15, 2025 12:48 PM (CDT)",,Climate (https://www.notion.so/8296e6b323ec4600be416c819a39dc2f?pvs=21),,Chapters and subsections,,,,,default_task
"Chapter 1: Currency, Competitiveness, and the Erosion of National Capacity",Not started,,,,upcoming,,"October 15, 2025 10:59 AM (CDT)",,,"October 15, 2025 3:18 PM (CDT)",,Climate (https://www.notion.so/8296e6b323ec4600be416c819a39dc2f?pvs=21),,Chapters and subsections,,,,,default_task
Why America should not be trusted to lead the efforts on AI Ethics.,Not started,,,,upcoming,,"October 21, 2025 11:54 AM (CDT)",,,"October 25, 2025 6:27 AM (CDT)",,AI Ethics (https://www.notion.so/915e0bfe7fa442edaddb282995ddc951?pvs=21),,Central Arguments of Book,,,,,default_task
You cant make a bully behave ethically,Not started,,,,upcoming,,"October 21, 2025 11:54 AM (CDT)",,,"October 21, 2025 4:06 PM (CDT)",,AI Ethics (https://www.notion.so/915e0bfe7fa442edaddb282995ddc951?pvs=21),,Central Arguments of Book,,,,,default_task
Bias in lending-Americas long standing racially charged discriminatory practice,Not started,,,,upcoming,,"October 23, 2025 7:52 AM (CDT)",,,"October 23, 2025 8:30 AM (CDT)",,AI Ethics (https://www.notion.so/915e0bfe7fa442edaddb282995ddc951?pvs=21),,Central Arguments of Book,,,,,default_task
"Trump ranked world's best golf courses 1-8, all his own properties, bias much?",Not started,,,,upcoming,,"October 21, 2025 2:53 PM (CDT)",,,"October 31, 2025 3:53 PM (CDT)",,AI Ethics (https://www.notion.so/915e0bfe7fa442edaddb282995ddc951?pvs=21),,Central Arguments of Book,,,,,default_task
"Exhaustion of fact checkers in Trump-Biden election ",Not started,,,,upcoming,,"October 23, 2025 7:50 AM (CDT)",,,"October 23, 2025 7:51 AM (CDT)",,AI Ethics (https://www.notion.so/915e0bfe7fa442edaddb282995ddc951?pvs=21),,Central Arguments of Book,,,,,default_task
"Silent majority: rendered functionally voiceless, dispossessed of free speech",Not started,,,,upcoming,,"October 21, 2025 11:54 AM (CDT)",,,"October 21, 2025 3:22 PM (CDT)",,AI Ethics (https://www.notion.so/915e0bfe7fa442edaddb282995ddc951?pvs=21),,Central Arguments of Book,,,,,default_task
Not unduly discriminatory practices in states,Not started,,,,upcoming,,"October 31, 2025 3:47 PM (CDT)",,,"October 31, 2025 3:47 PM (CDT)",,AI Ethics (https://www.notion.so/915e0bfe7fa442edaddb282995ddc951?pvs=21),,Central Arguments of Book,,,,,default_task
═══ PART I: THE CONCENTRATION CRISIS ═══,Not started,,,,upcoming,,"October 17, 2025 11:53 PM (CDT)",,,"October 18, 2025 10:41 AM (CDT)",,AI Ethics (https://www.notion.so/915e0bfe7fa442edaddb282995ddc951?pvs=21),,PARTS,,,,,default_task
═══ PART II: GOVERNANCE ARCHITECTURE ═══,Not started,,,,upcoming,,"October 17, 2025 11:53 PM (CDT)",,,"October 18, 2025 10:41 AM (CDT)",,AI Ethics (https://www.notion.so/915e0bfe7fa442edaddb282995ddc951?pvs=21),,PARTS,,,,,default_task
═══ PART III: TECHNICAL INFRASTRUCTURE ═══,Not started,,,,upcoming,,"October 17, 2025 11:53 PM (CDT)",,,"October 18, 2025 10:41 AM (CDT)",,AI Ethics (https://www.notion.so/915e0bfe7fa442edaddb282995ddc951?pvs=21),,PARTS,,,,,default_task
═══ PART IV: INTEGRATION & IMPLEMENTATION ═══,Not started,,,,upcoming,,"October 17, 2025 11:53 PM (CDT)",,,"October 18, 2025 10:41 AM (CDT)",,AI Ethics (https://www.notion.so/915e0bfe7fa442edaddb282995ddc951?pvs=21),,PARTS,,,,,default_task
═══ PART V: SYNTHESIS & PATH FORWARD ═══,Not started,,,,upcoming,,"October 17, 2025 11:53 PM (CDT)",,,"October 19, 2025 4:12 PM (CDT)",,AI Ethics (https://www.notion.so/915e0bfe7fa442edaddb282995ddc951?pvs=21),,PARTS,,,,,default_task
Ch 1: AI Increasing Relevance and Market Concentration,Not started,,,,upcoming,,"October 17, 2025 11:18 PM (CDT)",,,"October 24, 2025 6:07 PM (CDT)",,AI Ethics (https://www.notion.so/915e0bfe7fa442edaddb282995ddc951?pvs=21),,Light Desc,,,,,default_task
Ch 2: Why Single Event Coincidences Can Capture General Trends,Not started,,,,upcoming,,"October 19, 2025 3:38 PM (CDT)",,,"October 19, 2025 4:14 PM (CDT)",,AI Ethics (https://www.notion.so/915e0bfe7fa442edaddb282995ddc951?pvs=21),,Light Desc,,,,,default_task
Ch 3: Data Literacy and Public Capacity Gaps,Not started,,,,upcoming,,"October 17, 2025 11:28 PM (CDT)",,,"October 19, 2025 3:39 PM (CDT)",,AI Ethics (https://www.notion.so/915e0bfe7fa442edaddb282995ddc951?pvs=21),,Light Desc,,,,,default_task
Ch 4: Algorithmic Exclusion and Access Barriers,Not started,,,,upcoming,,"October 17, 2025 11:41 PM (CDT)",,,"October 19, 2025 3:39 PM (CDT)",,AI Ethics (https://www.notion.so/915e0bfe7fa442edaddb282995ddc951?pvs=21),,Light Desc,,,,,default_task
Ch 5: AI Resource Misallocation: Defense vs Public Goods,Not started,,,,upcoming,,"October 17, 2025 11:42 PM (CDT)",,,"October 19, 2025 3:39 PM (CDT)",,AI Ethics (https://www.notion.so/915e0bfe7fa442edaddb282995ddc951?pvs=21),,Light Desc,,,,,default_task
Ch 5: The AI Transparency Gap,Not started,,,,upcoming,,"October 17, 2025 11:43 PM (CDT)",,,"October 24, 2025 7:33 AM (CDT)",,AI Ethics (https://www.notion.so/915e0bfe7fa442edaddb282995ddc951?pvs=21),,Light Desc,,,,,default_task
Ch 6: Computational Waste and Environmental Cost,Not started,,,,upcoming,,"October 17, 2025 11:20 PM (CDT)",,,"October 18, 2025 10:28 AM (CDT)",,AI Ethics (https://www.notion.so/915e0bfe7fa442edaddb282995ddc951?pvs=21),,Light Desc,,,,,default_task
Ch 7: Civil Society and Labor Resources,Not started,,,,upcoming,,"October 17, 2025 11:44 PM (CDT)",,,"October 18, 2025 10:28 AM (CDT)",,AI Ethics (https://www.notion.so/915e0bfe7fa442edaddb282995ddc951?pvs=21),,Light Desc,,,,,default_task
Ch 8: AI Benefit Concentration,Not started,,,,upcoming,,"October 17, 2025 11:45 PM (CDT)",,,"October 18, 2025 10:28 AM (CDT)",,AI Ethics (https://www.notion.so/915e0bfe7fa442edaddb282995ddc951?pvs=21),,Light Desc,,,,,default_task
Ch 10: Open-Source Infrastructure as Public Good,Not started,,,,upcoming,,"October 17, 2025 11:54 PM (CDT)",,,"October 18, 2025 10:28 AM (CDT)",,AI Ethics (https://www.notion.so/915e0bfe7fa442edaddb282995ddc951?pvs=21),,Light Desc,,,,,default_task
Ch 9: Open vs Closed AI: The Central Governance Challenge,Not started,,,,upcoming,,"October 17, 2025 11:54 PM (CDT)",,,"October 18, 2025 10:28 AM (CDT)",,AI Ethics (https://www.notion.so/915e0bfe7fa442edaddb282995ddc951?pvs=21),,Light Desc,,,,,default_task
Ch 11: Multi-Stakeholder Governance Frameworks,Not started,,,,upcoming,,"October 17, 2025 11:54 PM (CDT)",,,"October 18, 2025 10:28 AM (CDT)",,AI Ethics (https://www.notion.so/915e0bfe7fa442edaddb282995ddc951?pvs=21),,Light Desc,,,,,default_task
Ch 12: Algorithmic Auditing and Performance Accountability,Not started,,,,upcoming,,"October 17, 2025 11:54 PM (CDT)",,,"October 18, 2025 10:28 AM (CDT)",,AI Ethics (https://www.notion.so/915e0bfe7fa442edaddb282995ddc951?pvs=21),,Light Desc,,,,,default_task
Ch 13: AI Training Lifecycle: Process Overview and Optimization,Not started,,,,upcoming,,"October 17, 2025 11:55 PM (CDT)",,,"October 18, 2025 10:28 AM (CDT)",,AI Ethics (https://www.notion.so/915e0bfe7fa442edaddb282995ddc951?pvs=21),,Light Desc,,,,,default_task
Ch 14: Data and Compute Resource Scenarios,Not started,,,,upcoming,,"October 17, 2025 11:55 PM (CDT)",,,"October 18, 2025 10:28 AM (CDT)",,AI Ethics (https://www.notion.so/915e0bfe7fa442edaddb282995ddc951?pvs=21),,Light Desc,,,,,default_task
Ch 15: AI Infrastructure TCO Analysis,Not started,,,,upcoming,,"October 17, 2025 11:21 PM (CDT)",,,"October 18, 2025 10:28 AM (CDT)",,AI Ethics (https://www.notion.so/915e0bfe7fa442edaddb282995ddc951?pvs=21),,Light Desc,,,,,default_task
Ch 16: Operating Cost Structure and Sensitivity,Not started,,,,upcoming,,"October 17, 2025 11:55 PM (CDT)",,,"October 18, 2025 10:28 AM (CDT)",,AI Ethics (https://www.notion.so/915e0bfe7fa442edaddb282995ddc951?pvs=21),,Light Desc,,,,,default_task
Ch 17: Financing AI Infrastructure and Economic Viability,Not started,,,,upcoming,,"October 17, 2025 11:56 PM (CDT)",,,"October 18, 2025 10:28 AM (CDT)",,AI Ethics (https://www.notion.so/915e0bfe7fa442edaddb282995ddc951?pvs=21),,Light Desc,,,,,default_task
Ch 18: Comparative Analysis: Cloud vs On-Premise vs Edge,Not started,,,,upcoming,,"October 17, 2025 11:56 PM (CDT)",,,"October 18, 2025 10:28 AM (CDT)",,AI Ethics (https://www.notion.so/915e0bfe7fa442edaddb282995ddc951?pvs=21),,Light Desc,,,,,default_task
Ch 19: AI Deployment Tradeoffs: Centralized vs Distributed,Not started,,,,upcoming,,"October 17, 2025 11:56 PM (CDT)",,,"October 18, 2025 10:28 AM (CDT)",,AI Ethics (https://www.notion.so/915e0bfe7fa442edaddb282995ddc951?pvs=21),,Light Desc,,,,,default_task
Ch 20: Connecting Governance Frameworks to Infrastructure Economics,Not started,,,,upcoming,,"October 17, 2025 11:56 PM (CDT)",,,"October 18, 2025 10:28 AM (CDT)",,AI Ethics (https://www.notion.so/915e0bfe7fa442edaddb282995ddc951?pvs=21),,Light Desc,,,,,default_task
Ch 21: Healthcare AI Case Study: From Surveillance to Equity,Not started,,,,upcoming,,"October 17, 2025 11:57 PM (CDT)",,,"October 18, 2025 10:28 AM (CDT)",,AI Ethics (https://www.notion.so/915e0bfe7fa442edaddb282995ddc951?pvs=21),,Light Desc,,,,,default_task
Ch 22: Labor and Civil Society Mobilization Strategies,Not started,,,,upcoming,,"October 17, 2025 11:57 PM (CDT)",,,"October 18, 2025 10:28 AM (CDT)",,AI Ethics (https://www.notion.so/915e0bfe7fa442edaddb282995ddc951?pvs=21),,Light Desc,,,,,default_task
Ch 23: Preventing AI Benefit Capture: Antitrust and Access Mandates,Not started,,,,upcoming,,"October 17, 2025 11:57 PM (CDT)",,,"October 18, 2025 10:28 AM (CDT)",,AI Ethics (https://www.notion.so/915e0bfe7fa442edaddb282995ddc951?pvs=21),,Light Desc,,,,,default_task
Ch 24: AI Policy in the Age of Geopolitical Competition,Not started,,,,upcoming,,"October 17, 2025 11:57 PM (CDT)",,,"October 18, 2025 10:28 AM (CDT)",,AI Ethics (https://www.notion.so/915e0bfe7fa442edaddb282995ddc951?pvs=21),,Light Desc,,,,,default_task
Ch 25: Algorithmic Dishonesty as Unified Metric,Not started,,,,upcoming,,"October 17, 2025 11:58 PM (CDT)",,,"October 18, 2025 10:28 AM (CDT)",,AI Ethics (https://www.notion.so/915e0bfe7fa442edaddb282995ddc951?pvs=21),,Light Desc,,,,,default_task
Ch 26: The Equity Imperative in AI Deployment,Not started,,,,upcoming,,"October 17, 2025 11:58 PM (CDT)",,,"October 18, 2025 10:28 AM (CDT)",,AI Ethics (https://www.notion.so/915e0bfe7fa442edaddb282995ddc951?pvs=21),,Light Desc,,,,,default_task
Ch 27: Implementation Roadmap: 2025-2035,Not started,,,,upcoming,,"October 17, 2025 11:58 PM (CDT)",,,"October 18, 2025 10:28 AM (CDT)",,AI Ethics (https://www.notion.so/915e0bfe7fa442edaddb282995ddc951?pvs=21),,Light Desc,,,,,default_task
Ch 28: Can Democratic Societies Build Accountable AI?,Not started,,,,upcoming,,"October 17, 2025 11:58 PM (CDT)",,,"October 18, 2025 10:28 AM (CDT)",,AI Ethics (https://www.notion.so/915e0bfe7fa442edaddb282995ddc951?pvs=21),,Light Desc,,,,,default_task
"Ch 29: The Windows Legacy and System Architecture Collapse ",Not started,,,,upcoming,,"October 19, 2025 4:08 PM (CDT)",,,"October 19, 2025 4:09 PM (CDT)",,AI Ethics (https://www.notion.so/915e0bfe7fa442edaddb282995ddc951?pvs=21),,Light Desc,,,,,default_task
Ch 1: AI Increasing Relevance and Market Concentration,Not started,,,,upcoming,,"October 18, 2025 10:32 AM (CDT)",,,"October 24, 2025 6:10 PM (CDT)",,AI Ethics (https://www.notion.so/915e0bfe7fa442edaddb282995ddc951?pvs=21),,Macro Facts Included,,,,,default_task
Ch 2: The Data Literacy Collapse and Cognitive Vulnerability,Not started,,,,upcoming,,"October 18, 2025 12:02 AM (CDT)",,,"October 19, 2025 4:16 PM (CDT)",,AI Ethics (https://www.notion.so/915e0bfe7fa442edaddb282995ddc951?pvs=21),,Macro Facts Included,,,,,default_task
Ch 3: The Algorithmic Divide and Economic Exclusion,Not started,,,,upcoming,,"October 18, 2025 12:02 AM (CDT)",,,"October 19, 2025 4:16 PM (CDT)",,AI Ethics (https://www.notion.so/915e0bfe7fa442edaddb282995ddc951?pvs=21),,Macro Facts Included,,,,,default_task
Ch 4: Opportunity Cost and Strategic AI Investment Priorities,Not started,,,,upcoming,,"October 18, 2025 12:02 AM (CDT)",,,"October 19, 2025 4:16 PM (CDT)",,AI Ethics (https://www.notion.so/915e0bfe7fa442edaddb282995ddc951?pvs=21),,Macro Facts Included,,,,,default_task
Ch 5: The AI Transparency Gap and Accountability Deficit,Not started,,,,upcoming,,"October 18, 2025 12:03 AM (CDT)",,,"October 19, 2025 4:16 PM (CDT)",,AI Ethics (https://www.notion.so/915e0bfe7fa442edaddb282995ddc951?pvs=21),,Macro Facts Included,,,,,default_task
Ch 6: The Windows Legacy and System Architecture Collapse,Not started,,,,upcoming,,"October 18, 2025 11:21 AM (CDT)",,,"October 24, 2025 6:10 PM (CDT)",,AI Ethics (https://www.notion.so/915e0bfe7fa442edaddb282995ddc951?pvs=21),,Macro Facts Included,,,,,default_task
Ch 7: Academic and Civil Society Resources: The Mobilization Failure,Not started,,,,upcoming,,"October 18, 2025 12:03 AM (CDT)",,,"October 19, 2025 4:16 PM (CDT)",,AI Ethics (https://www.notion.so/915e0bfe7fa442edaddb282995ddc951?pvs=21),,Macro Facts Included,,,,,default_task
Ch 8: AI Benefit Concentration and the Equity Failure,Not started,,,,upcoming,,"October 18, 2025 12:03 AM (CDT)",,,"October 19, 2025 4:16 PM (CDT)",,AI Ethics (https://www.notion.so/915e0bfe7fa442edaddb282995ddc951?pvs=21),,Macro Facts Included,,,,,default_task
Ch 9: Open vs. Closed: The Central AI Governance Challenge,Not started,,,,upcoming,,"October 18, 2025 12:03 AM (CDT)",,,"October 19, 2025 4:16 PM (CDT)",,AI Ethics (https://www.notion.so/915e0bfe7fa442edaddb282995ddc951?pvs=21),,Macro Facts Included,,,,,default_task
Ch 10: Public AI Infrastructure: Reusable Compute and Data Commons,Not started,,,,upcoming,,"October 18, 2025 12:04 AM (CDT)",,,"October 19, 2025 4:16 PM (CDT)",,AI Ethics (https://www.notion.so/915e0bfe7fa442edaddb282995ddc951?pvs=21),,Macro Facts Included,,,,,default_task
Ch 11: Multi-Stakeholder AI Governance and Deliberative Processes,Not started,,,,upcoming,,"October 18, 2025 12:04 AM (CDT)",,,"October 19, 2025 4:16 PM (CDT)",,AI Ethics (https://www.notion.so/915e0bfe7fa442edaddb282995ddc951?pvs=21),,Macro Facts Included,,,,,default_task
Ch 12: Algorithmic Auditing and Conditional Access,Not started,,,,upcoming,,"October 18, 2025 12:04 AM (CDT)",,,"October 19, 2025 4:16 PM (CDT)",,AI Ethics (https://www.notion.so/915e0bfe7fa442edaddb282995ddc951?pvs=21),,Macro Facts Included,,,,,default_task
Ch 14: Data Scenarios and Supply Chain Economics,Not started,,,,upcoming,,"October 18, 2025 12:05 AM (CDT)",,,"October 19, 2025 4:16 PM (CDT)",,AI Ethics (https://www.notion.so/915e0bfe7fa442edaddb282995ddc951?pvs=21),,Macro Facts Included,,,,,default_task
"Ch 13: AI Training Process: Architecture, Data, and Compute Overview",Not started,,,,upcoming,,"October 18, 2025 12:04 AM (CDT)",,,"October 19, 2025 4:16 PM (CDT)",,AI Ethics (https://www.notion.so/915e0bfe7fa442edaddb282995ddc951?pvs=21),,Macro Facts Included,,,,,default_task
Ch 15: AI Infrastructure TCO Analysis,Not started,,,,upcoming,,"October 19, 2025 4:26 PM (CDT)",,,"October 19, 2025 4:29 PM (CDT)",,AI Ethics (https://www.notion.so/915e0bfe7fa442edaddb282995ddc951?pvs=21),,Macro Facts Included,,,,,default_task
Ch 16: Operating Cost Structure and Sensitivity Analysis,Not started,,,,upcoming,,"October 18, 2025 12:05 AM (CDT)",,,"October 19, 2025 4:16 PM (CDT)",,AI Ethics (https://www.notion.so/915e0bfe7fa442edaddb282995ddc951?pvs=21),,Macro Facts Included,,,,,default_task
Ch 17: Financing Regimes and Investment Structures,Not started,,,,upcoming,,"October 18, 2025 12:05 AM (CDT)",,,"October 19, 2025 4:16 PM (CDT)",,AI Ethics (https://www.notion.so/915e0bfe7fa442edaddb282995ddc951?pvs=21),,Macro Facts Included,,,,,default_task
Ch 18: Comparative Analysis: Proprietary vs. Open-Source AI Economics,Not started,,,,upcoming,,"October 18, 2025 12:05 AM (CDT)",,,"October 19, 2025 4:16 PM (CDT)",,AI Ethics (https://www.notion.so/915e0bfe7fa442edaddb282995ddc951?pvs=21),,Macro Facts Included,,,,,default_task
Ch 19: Application Competition: Specialized vs. General-Purpose AI,Not started,,,,upcoming,,"October 18, 2025 12:06 AM (CDT)",,,"October 19, 2025 4:16 PM (CDT)",,AI Ethics (https://www.notion.so/915e0bfe7fa442edaddb282995ddc951?pvs=21),,Macro Facts Included,,,,,default_task
Ch 20: Connecting Guardrails to Technical Pathways,Not started,,,,upcoming,,"October 18, 2025 12:06 AM (CDT)",,,"October 19, 2025 4:16 PM (CDT)",,AI Ethics (https://www.notion.so/915e0bfe7fa442edaddb282995ddc951?pvs=21),,Macro Facts Included,,,,,default_task
Ch 21: Regional Implementation: Detroit as AI Governance Case Study,Not started,,,,upcoming,,"October 18, 2025 12:06 AM (CDT)",,,"October 19, 2025 4:16 PM (CDT)",,AI Ethics (https://www.notion.so/915e0bfe7fa442edaddb282995ddc951?pvs=21),,Macro Facts Included,,,,,default_task
Ch 22: Institutional Mobilization: University and Labor Union AI Capacity,Not started,,,,upcoming,,"October 18, 2025 12:06 AM (CDT)",,,"October 19, 2025 4:16 PM (CDT)",,AI Ethics (https://www.notion.so/915e0bfe7fa442edaddb282995ddc951?pvs=21),,Macro Facts Included,,,,,default_task
Ch 24: AI Governance in the Age of Platform Monopoly,Not started,,,,upcoming,,"October 18, 2025 12:07 AM (CDT)",,,"October 19, 2025 4:16 PM (CDT)",,AI Ethics (https://www.notion.so/915e0bfe7fa442edaddb282995ddc951?pvs=21),,Macro Facts Included,,,,,default_task
Ch 23: Preventing Benefit Concentration in AI Deployment,Not started,,,,upcoming,,"October 18, 2025 12:07 AM (CDT)",,,"October 19, 2025 4:16 PM (CDT)",,AI Ethics (https://www.notion.so/915e0bfe7fa442edaddb282995ddc951?pvs=21),,Macro Facts Included,,,,,default_task
Ch 25: Cognitive Decay as Unified Metric,Not started,,,,upcoming,,"October 18, 2025 12:07 AM (CDT)",,,"October 19, 2025 4:16 PM (CDT)",,AI Ethics (https://www.notion.so/915e0bfe7fa442edaddb282995ddc951?pvs=21),,Macro Facts Included,,,,,default_task
Ch 26: The Equity Imperative in AI Development,Not started,,,,upcoming,,"October 18, 2025 12:07 AM (CDT)",,,"October 19, 2025 4:16 PM (CDT)",,AI Ethics (https://www.notion.so/915e0bfe7fa442edaddb282995ddc951?pvs=21),,Macro Facts Included,,,,,default_task
Ch 27: Implementation Roadmap,Not started,,,,upcoming,,"October 18, 2025 12:08 AM (CDT)",,,"October 19, 2025 4:16 PM (CDT)",,AI Ethics (https://www.notion.so/915e0bfe7fa442edaddb282995ddc951?pvs=21),,Macro Facts Included,,,,,default_task
Ch 28: Prosecuting Dishonesty — The Path Forward,Not started,,,,upcoming,,"October 18, 2025 12:08 AM (CDT)",,,"October 19, 2025 4:16 PM (CDT)",,AI Ethics (https://www.notion.so/915e0bfe7fa442edaddb282995ddc951?pvs=21),,Macro Facts Included,,,,,default_task
Ch 29: The Windows Legacy and System Architecture Collapse,Not started,,,,upcoming,,"October 19, 2025 4:26 PM (CDT)",,,"October 19, 2025 4:28 PM (CDT)",,AI Ethics (https://www.notion.so/915e0bfe7fa442edaddb282995ddc951?pvs=21),,Macro Facts Included,,,,,default_task
Ch 30: AI Train or Energy Drain? The Carbon Cost of Computation,Not started,,,,upcoming,,"October 19, 2025 4:32 PM (CDT)",,,"October 19, 2025 4:35 PM (CDT)",,AI Ethics (https://www.notion.so/915e0bfe7fa442edaddb282995ddc951?pvs=21),,Macro Facts Included,,,,,default_task
NEW PART III: Environmental and Computational Sustainability,Not started,,,,upcoming,,"October 18, 2025 11:24 AM (CDT)",,,"October 19, 2025 4:35 PM (CDT)",,AI Ethics (https://www.notion.so/915e0bfe7fa442edaddb282995ddc951?pvs=21),,Macro Facts Included,,,,,default_task
NEW PART II: The Infrastructure-Innovation Divide,Not started,,,,upcoming,,"October 18, 2025 11:23 AM (CDT)",,,"October 19, 2025 4:35 PM (CDT)",,AI Ethics (https://www.notion.so/915e0bfe7fa442edaddb282995ddc951?pvs=21),,Macro Facts Included,,,,,default_task
🔗 MASTER COORDINATION: Ballroom Contract Story Cross-References,Not started,,,,upcoming,,"October 21, 2025 3:13 PM (CDT)",,,"October 24, 2025 6:08 PM (CDT)",,AI Ethics (https://www.notion.so/915e0bfe7fa442edaddb282995ddc951?pvs=21),,Pending Evaluation,,,,,default_task
Ch 28 HINT: Ballroom Contract Reference - Democratic Accountability Synthesis,Not started,,,,upcoming,,"October 21, 2025 3:13 PM (CDT)",,,"October 24, 2025 6:08 PM (CDT)",,AI Ethics (https://www.notion.so/915e0bfe7fa442edaddb282995ddc951?pvs=21),,Pending Evaluation,,,,,default_task
Ch 20 HINT: Ballroom Contract Reference - Implementation and Procurement Reform,Not started,,,,upcoming,,"October 21, 2025 3:12 PM (CDT)",,,"October 24, 2025 6:09 PM (CDT)",,AI Ethics (https://www.notion.so/915e0bfe7fa442edaddb282995ddc951?pvs=21),,Pending Evaluation,,,,,default_task
Ch 16 HINT: Ballroom Contract Reference - Platform Self-Regulation Failures,Not started,,,,upcoming,,"October 21, 2025 3:12 PM (CDT)",,,"October 24, 2025 6:09 PM (CDT)",,AI Ethics (https://www.notion.so/915e0bfe7fa442edaddb282995ddc951?pvs=21),,Pending Evaluation,,,,,default_task
Ch 4 HINT: Ballroom Contract Reference - Procurement Without Competition,Not started,,,,upcoming,,"October 21, 2025 3:12 PM (CDT)",,,"October 24, 2025 6:09 PM (CDT)",,AI Ethics (https://www.notion.so/915e0bfe7fa442edaddb282995ddc951?pvs=21),,Pending Evaluation,,,,,default_task
Ch 9 HINT: Ballroom Contract Reference - Opacity Enables Self-Dealing,Not started,,,,upcoming,,"October 21, 2025 3:12 PM (CDT)",,,"October 24, 2025 6:09 PM (CDT)",,AI Ethics (https://www.notion.so/915e0bfe7fa442edaddb282995ddc951?pvs=21),,Pending Evaluation,,,,,default_task
Ch 1 HINT: Ballroom Contract Reference - Monopoly and Selection Bias,Not started,,,,upcoming,,"October 21, 2025 3:11 PM (CDT)",,,"October 24, 2025 4:02 PM (CDT)",,AI Ethics (https://www.notion.so/915e0bfe7fa442edaddb282995ddc951?pvs=21),,Pending Evaluation,,,,,default_task
Ch 28 HINT: US Embassy Reference - Democratic Accountability,Not started,,,,upcoming,,"October 20, 2025 4:10 PM (CDT)",,,"October 24, 2025 4:02 PM (CDT)",,AI Ethics (https://www.notion.so/915e0bfe7fa442edaddb282995ddc951?pvs=21),,Pending Evaluation,,,,,default_task
Ch 24 HINT: US Embassy Reference - Geopolitical Competition,Not started,,,,upcoming,,"October 20, 2025 4:10 PM (CDT)",,,"October 24, 2025 4:02 PM (CDT)",,AI Ethics (https://www.notion.so/915e0bfe7fa442edaddb282995ddc951?pvs=21),,Pending Evaluation,,,,,default_task
Ch 9 HINT: US Embassy Reference - Open vs Closed AI,Not started,,,,upcoming,,"October 20, 2025 4:10 PM (CDT)",,,"October 24, 2025 4:02 PM (CDT)",,AI Ethics (https://www.notion.so/915e0bfe7fa442edaddb282995ddc951?pvs=21),,Pending Evaluation,,,,,default_task
Ch 12 HINT: US Embassy Reference - Algorithmic Auditing,Not started,,,,upcoming,,"October 20, 2025 4:10 PM (CDT)",,,"October 24, 2025 4:02 PM (CDT)",,AI Ethics (https://www.notion.so/915e0bfe7fa442edaddb282995ddc951?pvs=21),,Pending Evaluation,,,,,default_task
Ch 5 HINT: US Embassy Reference - Transparency Gap,Not started,,,,upcoming,,"October 20, 2025 4:09 PM (CDT)",,,"October 24, 2025 4:02 PM (CDT)",,AI Ethics (https://www.notion.so/915e0bfe7fa442edaddb282995ddc951?pvs=21),,Pending Evaluation,,,,,default_task
Ch 1 HINT: US Embassy Reference - Monopoly Concentration,Not started,,,,upcoming,,"October 20, 2025 4:09 PM (CDT)",,,"October 24, 2025 4:02 PM (CDT)",,AI Ethics (https://www.notion.so/915e0bfe7fa442edaddb282995ddc951?pvs=21),,Pending Evaluation,,,,,default_task
Ch 11 MAIN: US Embassy Congestion Charge Case Study,Not started,,,,upcoming,,"October 20, 2025 4:09 PM (CDT)",,,"October 24, 2025 4:02 PM (CDT)",,AI Ethics (https://www.notion.so/915e0bfe7fa442edaddb282995ddc951?pvs=21),,Pending Evaluation,,,,,default_task
🔗 MASTER COORDINATION: US Embassy Story Cross-References,Not started,,,,upcoming,,"October 20, 2025 4:08 PM (CDT)",,,"October 24, 2025 4:02 PM (CDT)",,AI Ethics (https://www.notion.so/915e0bfe7fa442edaddb282995ddc951?pvs=21),,Pending Evaluation,,,,,default_task
📚 READING PATH GUIDE: How Different Readers Should Navigate This Book,Not started,,,,upcoming,,"October 17, 2025 11:16 PM (CDT)",,,"October 18, 2025 10:40 AM (CDT)",,AI Ethics (https://www.notion.so/915e0bfe7fa442edaddb282995ddc951?pvs=21),,Guideline-Reference-Outline,,,,,default_task
📑 COMPLETE CHAPTER OUTLINE: All 29 Chapters with Summaries,Not started,,,,upcoming,,"October 17, 2025 11:22 PM (CDT)",,,"October 19, 2025 4:13 PM (CDT)",,AI Ethics (https://www.notion.so/915e0bfe7fa442edaddb282995ddc951?pvs=21),,Guideline-Reference-Outline,,,,,default_task
📊 QUICK REFERENCE MATRIX: Chapter Relevance by Reader Type,Not started,,,,upcoming,,"October 17, 2025 11:17 PM (CDT)",,,"October 18, 2025 10:40 AM (CDT)",,AI Ethics (https://www.notion.so/915e0bfe7fa442edaddb282995ddc951?pvs=21),,Guideline-Reference-Outline,,,,,default_task
referential fabric - Douglas Street Story,Not started,,,,upcoming,"page 4 - The Unsaid (https://www.notion.so/7b1f482080da4cb5bdfe67fe059be057?pvs=21), page 5 - The Echo (https://www.notion.so/c70ee2989953429eb56e9ea6fe227a0f?pvs=21)","October 23, 2025 6:26 AM (CDT)",,,"November 4, 2025 10:40 AM (CST)",,conceptual single source of truth (https://www.notion.so/ae02c8c940a5476da2cbc8dcd6d25aa4?pvs=21),,,,page 1 - Setting (https://www.notion.so/0313d6f0ea28486082a0ce42bbafe619?pvs=21),,,default_task
page 1 - Setting,Not started,,"October 23, 2025 → October 23, 2025",,upcoming,,"October 23, 2025 6:26 AM (CDT)",,,"October 23, 2025 6:58 AM (CDT)",referential fabric - Douglas Street Story (https://www.notion.so/19b1add23af647ec80577bca77f4c0c0?pvs=21),conceptual single source of truth (https://www.notion.so/ae02c8c940a5476da2cbc8dcd6d25aa4?pvs=21),,,,page 2 - The Teen (https://www.notion.so/3fe5e674d11d47cca922c7d5dfc52461?pvs=21),,,default_task
page 2 - The Teen,Not started,,"October 24, 2025",,upcoming,,"October 23, 2025 6:26 AM (CDT)",,page 4 - The Unsaid (https://www.notion.so/7b1f482080da4cb5bdfe67fe059be057?pvs=21),"November 3, 2025 5:49 AM (CST)",page 1 - Setting (https://www.notion.so/0313d6f0ea28486082a0ce42bbafe619?pvs=21),conceptual single source of truth (https://www.notion.so/ae02c8c940a5476da2cbc8dcd6d25aa4?pvs=21),,,,page 3 - The Object (https://www.notion.so/3df97354162745f5bfb94e495670cbff?pvs=21),,,default_task
page 3 - The Object,Not started,,"October 25, 2025",,upcoming,,"October 23, 2025 6:26 AM (CDT)",,,"October 23, 2025 6:48 AM (CDT)",page 2 - The Teen (https://www.notion.so/3fe5e674d11d47cca922c7d5dfc52461?pvs=21),conceptual single source of truth (https://www.notion.so/ae02c8c940a5476da2cbc8dcd6d25aa4?pvs=21),,,,page 4 - The Unsaid (https://www.notion.so/7b1f482080da4cb5bdfe67fe059be057?pvs=21),,,default_task
page 4 - The Unsaid,Done,,"October 26, 2025",,upcoming,page 2 - The Teen (https://www.notion.so/3fe5e674d11d47cca922c7d5dfc52461?pvs=21),"October 23, 2025 6:26 AM (CDT)",,referential fabric - Douglas Street Story (https://www.notion.so/19b1add23af647ec80577bca77f4c0c0?pvs=21),"November 3, 2025 5:50 AM (CST)",page 3 - The Object (https://www.notion.so/3df97354162745f5bfb94e495670cbff?pvs=21),conceptual single source of truth (https://www.notion.so/ae02c8c940a5476da2cbc8dcd6d25aa4?pvs=21),,,,page 5 - The Echo (https://www.notion.so/c70ee2989953429eb56e9ea6fe227a0f?pvs=21),,,default_task
page 5 - The Echo,Done,,"October 27, 2025",,upcoming,,"October 23, 2025 6:27 AM (CDT)",,referential fabric - Douglas Street Story (https://www.notion.so/19b1add23af647ec80577bca77f4c0c0?pvs=21),"November 3, 2025 5:42 AM (CST)",page 4 - The Unsaid (https://www.notion.so/7b1f482080da4cb5bdfe67fe059be057?pvs=21),conceptual single source of truth (https://www.notion.so/ae02c8c940a5476da2cbc8dcd6d25aa4?pvs=21),,,,,,,default_task
Chapter 5: Section 5.2 - Failed Solutions: Why Conventional Policies Don't Work,Not started,,,,upcoming,,"October 28, 2025 9:22 PM (CDT)",,,"October 28, 2025 9:22 PM (CDT)",,,,,,,,,default_task
Chapter 5: Section 5.1 - Opening the Black Box: The Transmission Mechanism,Not started,,,,upcoming,,"October 28, 2025 9:20 PM (CDT)",,,"October 28, 2025 9:20 PM (CDT)",,,,,,,,,default_task
Chapter 4: Section 4.4 - Comparative Institutional Analysis,Not started,,,,upcoming,,"October 28, 2025 9:02 PM (CDT)",,,"October 29, 2025 9:44 AM (CDT)",,,,,,,,,default_task
Chapter 3: Section 3.4 - International Comparison: Why America is Unique,Not started,,,,upcoming,,"October 28, 2025 8:58 PM (CDT)",,,"October 28, 2025 8:58 PM (CDT)",,,,,,,,,default_task
Chapter 4: Section 4.3 - Institutional Accountability Gaps,Not started,,,,upcoming,,"October 28, 2025 9:00 PM (CDT)",,,"October 28, 2025 9:00 PM (CDT)",,,,,,,,,default_task
Chapter 3: Section 3.3 - Intergenerational Transmission,Not started,,,,upcoming,,"October 28, 2025 8:57 PM (CDT)",,,"October 28, 2025 8:57 PM (CDT)",,,,,,,,,default_task
Chapter 3: Section 3.2 - The Marriage Gap: Class Divergence,Not started,,,,upcoming,,"October 28, 2025 8:55 PM (CDT)",,,"October 28, 2025 8:55 PM (CDT)",,,,,,,,,default_task
Chapter 2: Section 2.3 - Void Interaction Effects,Not started,,,,upcoming,,"October 28, 2025 8:54 PM (CDT)",,,"October 28, 2025 8:54 PM (CDT)",,,,,,,,,default_task
Chapter 2: Section 2.2 - Comparative Baselines: What Normal Looks Like,Not started,,,,upcoming,,"October 28, 2025 8:52 PM (CDT)",,,"October 28, 2025 8:52 PM (CDT)",,,,,,,,,default_task
Chapter 2: Section 2.1 - The Mathematics of Absence: Void Fraction Methodology,Not started,,,,upcoming,,"October 28, 2025 8:50 PM (CDT)",,,"October 28, 2025 8:50 PM (CDT)",,,,,,,,,default_task
Chapter 4: Section 4.2 - The Stewardship Void: The $1.2-4.8 Trillion Question,Not started,,,,upcoming,,"October 28, 2025 8:39 PM (CDT)",,,"October 28, 2025 8:39 PM (CDT)",,,,,,,,,default_task
"Chapter 4: Section 4.1 - The Educational Void: 406,964 Missing Teachers",Not started,,,,upcoming,,"October 28, 2025 8:38 PM (CDT)",,,"October 28, 2025 8:38 PM (CDT)",,,,,,,,,default_task
Chapter 1: Section 1.4 - Introducing the Void Fraction Framework,Not started,,,,upcoming,,"October 28, 2025 8:36 PM (CDT)",,,"October 28, 2025 8:36 PM (CDT)",,,,,,,,,default_task
Chapter 1: Section 1.3 - The Genealogical Inheritance Hypothesis,Not started,,,,upcoming,,"October 28, 2025 8:35 PM (CDT)",,,"October 28, 2025 8:35 PM (CDT)",,,,,,,,,default_task
Chapter 3: Section 3.1 - The 40.5% Reality,Not started,,,,upcoming,,"October 28, 2025 8:17 PM (CDT)",,,"October 28, 2025 8:17 PM (CDT)",,,,,,,,,default_task
2,Not started,,,,upcoming,,"October 29, 2025 10:55 AM (CDT)",,,"October 29, 2025 10:56 AM (CDT)",Opening Hook: The City Upon a Hill (https://www.notion.so/d35fedce4e12453cac3fba81c7a7f14c?pvs=21),,,,,3 (https://www.notion.so/b400d852cbab4f6bb40fb773cf546e26?pvs=21),,,default_task
Opening Hook: The City Upon a Hill,Not started,,,,upcoming,,"October 28, 2025 8:16 PM (CDT)",,,"October 29, 2025 10:55 AM (CDT)",,,,,,2 (https://www.notion.so/bac8bfb6c1bc40e9bb1944f3ca42d248?pvs=21),,,default_task
3,Not started,,,,upcoming,,"October 29, 2025 10:56 AM (CDT)",,,"October 29, 2025 10:56 AM (CDT)",2 (https://www.notion.so/bac8bfb6c1bc40e9bb1944f3ca42d248?pvs=21),,,,,4 (https://www.notion.so/a25d386e42fc4914be1f850bc26d1084?pvs=21),,,default_task
5,Not started,,,,upcoming,,"October 29, 2025 10:56 AM (CDT)",,,"October 29, 2025 10:56 AM (CDT)",4 (https://www.notion.so/a25d386e42fc4914be1f850bc26d1084?pvs=21),,,,,,,,default_task
4,Not started,,,,upcoming,,"October 29, 2025 10:56 AM (CDT)",,,"October 29, 2025 10:56 AM (CDT)",3 (https://www.notion.so/b400d852cbab4f6bb40fb773cf546e26?pvs=21),,,,,5 (https://www.notion.so/4f6615ad59f142bb8816875afd43c68b?pvs=21),,,default_task
Chapter 1: Section 1.2 - Europe's Unwanted: The Demographic Reality,Not started,,,,upcoming,,"October 28, 2025 8:16 PM (CDT)",,,"November 4, 2025 10:51 AM (CST)",,,,,,,,,default_task
Chapter 1: Section 1.1 - The Myth of the Chosen Nation,Not started,,,,upcoming,,"October 28, 2025 8:15 PM (CDT)",,,"November 4, 2025 10:42 AM (CST)",,,,,,"2 (https://www.notion.so/271a80ae55b84ea3a0e05617f1beb5fb?pvs=21), 3 (https://www.notion.so/e7d92affa9b54e90808fda8202bd0fde?pvs=21), 4 (https://www.notion.so/ec11026a74a340db85981e5979cd43b0?pvs=21), 5 (https://www.notion.so/84e5d4d8028c4b119f9a280caa644c29?pvs=21)",,,default_task
2,Not started,,,,upcoming,,"October 29, 2025 10:24 AM (CDT)",,,"October 29, 2025 10:24 AM (CDT)",Chapter 1: Section 1.1 - The Myth of the Chosen Nation (https://www.notion.so/b5e1c084d0e84356855570ffc96315ab?pvs=21),,,,,,,,default_task
3,Not started,,,,upcoming,,"October 29, 2025 10:24 AM (CDT)",,,"October 29, 2025 10:24 AM (CDT)",Chapter 1: Section 1.1 - The Myth of the Chosen Nation (https://www.notion.so/b5e1c084d0e84356855570ffc96315ab?pvs=21),,,,,,,,default_task
4,Not started,,,,upcoming,,"October 29, 2025 10:24 AM (CDT)",,,"October 29, 2025 10:24 AM (CDT)",Chapter 1: Section 1.1 - The Myth of the Chosen Nation (https://www.notion.so/b5e1c084d0e84356855570ffc96315ab?pvs=21),,,,,,,,default_task
5,Not started,,,,upcoming,,"October 29, 2025 10:24 AM (CDT)",,,"October 29, 2025 10:24 AM (CDT)",Chapter 1: Section 1.1 - The Myth of the Chosen Nation (https://www.notion.so/b5e1c084d0e84356855570ffc96315ab?pvs=21),,,,,,,,default_task
🎯 High-Priority: Transportation Act Section Bridge,Not started,,"November 15, 2025",,upcoming,,"October 29, 2025 6:40 PM (CDT)",,,"October 29, 2025 6:40 PM (CDT)",,,,,,,,,default_task
✨ Phase 7: Final Polish & Integration,Not started,,"January 28, 2026",,upcoming,,"October 29, 2025 6:38 PM (CDT)",,,"October 29, 2025 6:38 PM (CDT)",,,,,,,,,default_task
📖 Phase 5: Readability & Flow Testing,Not started,,"January 14, 2026",,upcoming,,"October 29, 2025 6:38 PM (CDT)",,,"October 29, 2025 6:38 PM (CDT)",,,,,,,,,default_task
🔬 Phase 4: Coherence Metrics Validation,Not started,,"January 7, 2026",,upcoming,,"October 29, 2025 6:37 PM (CDT)",,,"October 29, 2025 6:37 PM (CDT)",,,,,,,,,default_task
📝 Chapter 4 Detailed Revision (Institutional Analysis),Not started,,"December 31, 2025",,upcoming,,"October 29, 2025 6:37 PM (CDT)",,,"October 29, 2025 6:37 PM (CDT)",,,,,,,,,default_task
📝 Chapter 3 Detailed Revision (Comparative Analysis),Not started,,"December 24, 2025",,upcoming,,"October 29, 2025 6:36 PM (CDT)",,,"October 29, 2025 6:36 PM (CDT)",,,,,,,,,default_task
📝 Chapter 2 Detailed Revision (Measurement Sections),Not started,,"December 17, 2025",,upcoming,,"October 29, 2025 6:35 PM (CDT)",,,"October 29, 2025 6:35 PM (CDT)",,,,,,,,,default_task
📝 Chapter 1 Detailed Revision (Sections 1.1-1.4),Not started,,"December 10, 2025",,upcoming,,"October 29, 2025 6:35 PM (CDT)",,,"October 29, 2025 6:35 PM (CDT)",,,,,,,,,default_task
🎨 Phase 3B: Lexical Variation Strategy (6% Impact),Not started,,"December 3, 2025",,upcoming,,"October 29, 2025 6:34 PM (CDT)",,,"October 29, 2025 6:34 PM (CDT)",,,,,,,,,default_task
✏️ Phase 3A: Strategic Pronoun Implementation (8% Impact),Not started,,"November 26, 2025",,upcoming,,"October 29, 2025 6:34 PM (CDT)",,,"October 29, 2025 6:34 PM (CDT)",,,,,,,,,default_task
📚 Phase 2B: Internal Cross-Referencing System (12% Impact),Not started,,"November 19, 2025",,upcoming,,"October 29, 2025 6:34 PM (CDT)",,,"October 29, 2025 6:34 PM (CDT)",,,,,,,,,default_task
🔗 Phase 2A: Add Discourse Connectives (15% Impact),Not started,,"November 12, 2025",,upcoming,,"October 29, 2025 6:33 PM (CDT)",,,"October 29, 2025 6:33 PM (CDT)",,,,,,,,,default_task
📊 Phase 1: Manuscript Analysis & Planning,Not started,,"November 5, 2025",,upcoming,,"October 29, 2025 6:33 PM (CDT)",,,"October 29, 2025 6:33 PM (CDT)",,,,,,,,,default_task
🎯 MILESTONE: Phase 4 - Elite Strategy Development,Not started,,"March 15, 2026",,upcoming,,"October 29, 2025 6:31 PM (CDT)",,,"October 29, 2025 6:32 PM (CDT)",,,,,,Design community-level intervention strategies (https://www.notion.so/150b9774e5574c3990ade3c78edb27a6?pvs=21),,,milestone
Design community-level intervention strategies,Not started,,"February 15, 2026",,upcoming,,"October 29, 2025 6:32 PM (CDT)",,,"October 29, 2025 6:32 PM (CDT)",🎯 MILESTONE: Phase 4 - Elite Strategy Development (https://www.notion.so/d197dc029a7145e8813b8d9442deec98?pvs=21),,,,,,,,default_task
🎯 MILESTONE: Phase 3 - Best Practice Identification,Not started,,"January 31, 2026",,upcoming,,"October 29, 2025 6:24 PM (CDT)",,,"October 29, 2025 6:29 PM (CDT)",,,,,,"Create best practice playbook (https://www.notion.so/14456e29b6ce4b41acee59b6a0c69500?pvs=21), Document evidence-based interventions (https://www.notion.so/88ed31dba6c340dc82d12596d689fee3?pvs=21), Analyze successful community-based programs (https://www.notion.so/78e80ea562c44fb493984f944a99fa02?pvs=21), Review academic literature on family formation (https://www.notion.so/ac8ac2aff26248c79687e5c638493b2f?pvs=21), Interview experts: sociologists, policy makers, family therapists (https://www.notion.so/8065988095044f6bb8d8df88676db733?pvs=21), Research international success models (https://www.notion.so/d5ec44b69f424ff79948019951b684fb?pvs=21), Study states with improving trends (identify what works) (https://www.notion.so/73b48a9892274775b92689452dceda6c?pvs=21)",,,milestone
Create best practice playbook,Not started,,"January 30, 2026",,upcoming,,"October 29, 2025 6:29 PM (CDT)",,,"October 29, 2025 6:29 PM (CDT)",🎯 MILESTONE: Phase 3 - Best Practice Identification (https://www.notion.so/a87b44cc54a54ad6a43c4c6a6352a969?pvs=21),,,,,,,,default_task
Document evidence-based interventions,Not started,,"January 28, 2026",,upcoming,,"October 29, 2025 6:27 PM (CDT)",,,"October 29, 2025 6:27 PM (CDT)",🎯 MILESTONE: Phase 3 - Best Practice Identification (https://www.notion.so/a87b44cc54a54ad6a43c4c6a6352a969?pvs=21),,,,,,,,default_task
Analyze successful community-based programs,Not started,,"January 26, 2026",,upcoming,,"October 29, 2025 6:27 PM (CDT)",,,"October 29, 2025 6:27 PM (CDT)",🎯 MILESTONE: Phase 3 - Best Practice Identification (https://www.notion.so/a87b44cc54a54ad6a43c4c6a6352a969?pvs=21),,,,,,,,default_task
"Interview experts: sociologists, policy makers, family therapists",Not started,,"January 18, 2026",,upcoming,,"October 29, 2025 6:25 PM (CDT)",,,"October 29, 2025 6:25 PM (CDT)",🎯 MILESTONE: Phase 3 - Best Practice Identification (https://www.notion.so/a87b44cc54a54ad6a43c4c6a6352a969?pvs=21),,,,,,,,default_task
Review academic literature on family formation,Not started,,"January 22, 2026",,upcoming,,"October 29, 2025 6:25 PM (CDT)",,,"October 29, 2025 6:25 PM (CDT)",🎯 MILESTONE: Phase 3 - Best Practice Identification (https://www.notion.so/a87b44cc54a54ad6a43c4c6a6352a969?pvs=21),,,,,,,,default_task
Research international success models,Not started,,"January 14, 2026",,upcoming,,"October 29, 2025 6:25 PM (CDT)",,,"October 29, 2025 6:25 PM (CDT)",🎯 MILESTONE: Phase 3 - Best Practice Identification (https://www.notion.so/a87b44cc54a54ad6a43c4c6a6352a969?pvs=21),,,,,,,,default_task
Study states with improving trends (identify what works),Not started,,"January 10, 2026",,upcoming,,"October 29, 2025 6:24 PM (CDT)",,,"October 29, 2025 6:24 PM (CDT)",🎯 MILESTONE: Phase 3 - Best Practice Identification (https://www.notion.so/a87b44cc54a54ad6a43c4c6a6352a969?pvs=21),,,,,,,,default_task
🎯 MILESTONE: Phase 2 - Root Cause & Factor Analysis,Not started,,"December 31, 2025",,upcoming,,"October 29, 2025 6:21 PM (CDT)",,,"October 29, 2025 6:23 PM (CDT)",,,,,,"Compare US data with international benchmarks (Nordic, Asian nations) (https://www.notion.so/c393e8e9c5b94c708996bc617042e3ab?pvs=21), Healthcare access: prenatal care, family planning services availability (https://www.notion.so/90e487719c4c4e57abc3a1fcaaab5c36?pvs=21), Education system analysis: sex ed policies, family planning access (https://www.notion.so/11cf7345b7f34cffb95cafdcb0ff829f?pvs=21), Cultural factors: regional values, social norms assessment (https://www.notion.so/44f58acb241e4c04a72707a55573e26e?pvs=21), Policy factors: state welfare policies, family support programs (https://www.notion.so/b13ccf94fce5470a871696dc00890428?pvs=21), Social factors: community programs, religious participation rates (https://www.notion.so/8af98873aecf450ba92eee18764f59cb?pvs=21), Economic factors: employment, income, education correlation analysis (https://www.notion.so/0009d1d60284438b9b72789881455b59?pvs=21)",,,milestone
"Compare US data with international benchmarks (Nordic, Asian nations)",Not started,,"December 30, 2025",,upcoming,,"October 29, 2025 6:23 PM (CDT)",,,"October 29, 2025 6:23 PM (CDT)",🎯 MILESTONE: Phase 2 - Root Cause & Factor Analysis (https://www.notion.so/4d299ccf13bd455881079d2e925ae454?pvs=21),,,,,,,,default_task
"Healthcare access: prenatal care, family planning services availability",Not started,,"December 26, 2025",,upcoming,,"October 29, 2025 6:23 PM (CDT)",,,"October 29, 2025 6:23 PM (CDT)",🎯 MILESTONE: Phase 2 - Root Cause & Factor Analysis (https://www.notion.so/4d299ccf13bd455881079d2e925ae454?pvs=21),,,,,,,,default_task
"Education system analysis: sex ed policies, family planning access",Not started,,"December 22, 2025",,upcoming,,"October 29, 2025 6:23 PM (CDT)",,,"October 29, 2025 6:23 PM (CDT)",🎯 MILESTONE: Phase 2 - Root Cause & Factor Analysis (https://www.notion.so/4d299ccf13bd455881079d2e925ae454?pvs=21),,,,,,,,default_task
"Cultural factors: regional values, social norms assessment",Not started,,"December 19, 2025",,upcoming,,"October 29, 2025 6:22 PM (CDT)",,,"October 29, 2025 6:22 PM (CDT)",🎯 MILESTONE: Phase 2 - Root Cause & Factor Analysis (https://www.notion.so/4d299ccf13bd455881079d2e925ae454?pvs=21),,,,,,,,default_task
"Policy factors: state welfare policies, family support programs",Not started,,"December 16, 2025",,upcoming,,"October 29, 2025 6:22 PM (CDT)",,,"October 29, 2025 6:22 PM (CDT)",🎯 MILESTONE: Phase 2 - Root Cause & Factor Analysis (https://www.notion.so/4d299ccf13bd455881079d2e925ae454?pvs=21),,,,,,,,default_task
"Social factors: community programs, religious participation rates",Not started,,"December 12, 2025",,upcoming,,"October 29, 2025 6:22 PM (CDT)",,,"October 29, 2025 6:22 PM (CDT)",🎯 MILESTONE: Phase 2 - Root Cause & Factor Analysis (https://www.notion.so/4d299ccf13bd455881079d2e925ae454?pvs=21),,,,,,,,default_task
"Economic factors: employment, income, education correlation analysis",Not started,,"December 8, 2025",,upcoming,,"October 29, 2025 6:21 PM (CDT)",,,"October 29, 2025 6:21 PM (CDT)",🎯 MILESTONE: Phase 2 - Root Cause & Factor Analysis (https://www.notion.so/4d299ccf13bd455881079d2e925ae454?pvs=21),,,,,,,,default_task
🎯 MILESTONE: Phase 1 - Deep Data Research & Baseline Analysis,Not started,,"November 30, 2025",,upcoming,,"October 29, 2025 6:19 PM (CDT)",,,"October 29, 2025 6:21 PM (CDT)",,,,,,"Statistical significance testing across variables (https://www.notion.so/65736f8bdf1e4613bd1974434c5aea37?pvs=21), Document methodology and data sources (https://www.notion.so/c6e4f92ba3c44429a9dd6ef559f930ea?pvs=21), Create comprehensive data visualization dashboard (https://www.notion.so/e5993ceaa2c64c82824b9c2a670d4d3a?pvs=21), Identify top/bottom performing states and factors (https://www.notion.so/ecee5a940ebc496d921e3d10a145b8e9?pvs=21), Analyze state-by-state trends and regional patterns (https://www.notion.so/b8f612f698ca49ffaa1f8997c1896e06?pvs=21), Cross-reference with Census Bureau demographic data (https://www.notion.so/5df7410e33864d62b020facc3937a0b6?pvs=21), Compile complete CDC NVSS datasets (2013-2023) - all states (https://www.notion.so/081629dca9ac47e6ae40f7f19ddba13e?pvs=21)",,,milestone
Statistical significance testing across variables,Not started,,"November 28, 2025",,upcoming,,"October 29, 2025 6:21 PM (CDT)",,,"October 29, 2025 6:21 PM (CDT)",🎯 MILESTONE: Phase 1 - Deep Data Research & Baseline Analysis (https://www.notion.so/c82043242a5349ffbad33e86cfb2905d?pvs=21),,,,,,,,default_task
Document methodology and data sources,Not started,,"November 25, 2025",,upcoming,,"October 29, 2025 6:21 PM (CDT)",,,"October 29, 2025 6:21 PM (CDT)",🎯 MILESTONE: Phase 1 - Deep Data Research & Baseline Analysis (https://www.notion.so/c82043242a5349ffbad33e86cfb2905d?pvs=21),,,,,,,,default_task
Create comprehensive data visualization dashboard,Not started,,"November 22, 2025",,upcoming,,"October 29, 2025 6:20 PM (CDT)",,,"October 29, 2025 6:20 PM (CDT)",🎯 MILESTONE: Phase 1 - Deep Data Research & Baseline Analysis (https://www.notion.so/c82043242a5349ffbad33e86cfb2905d?pvs=21),,,,,,,,default_task
Analyze state-by-state trends and regional patterns,Not started,,"November 15, 2025",,upcoming,,"October 29, 2025 6:20 PM (CDT)",,,"October 29, 2025 6:20 PM (CDT)",🎯 MILESTONE: Phase 1 - Deep Data Research & Baseline Analysis (https://www.notion.so/c82043242a5349ffbad33e86cfb2905d?pvs=21),,,,,,,,default_task
Identify top/bottom performing states and factors,Not started,,"November 18, 2025",,upcoming,,"October 29, 2025 6:20 PM (CDT)",,,"October 29, 2025 6:20 PM (CDT)",🎯 MILESTONE: Phase 1 - Deep Data Research & Baseline Analysis (https://www.notion.so/c82043242a5349ffbad33e86cfb2905d?pvs=21),,,,,,,,default_task
Cross-reference with Census Bureau demographic data,Not started,,"November 10, 2025",,upcoming,,"October 29, 2025 6:20 PM (CDT)",,,"October 29, 2025 6:20 PM (CDT)",🎯 MILESTONE: Phase 1 - Deep Data Research & Baseline Analysis (https://www.notion.so/c82043242a5349ffbad33e86cfb2905d?pvs=21),,,,,,,,default_task
Compile complete CDC NVSS datasets (2013-2023) - all states,Not started,,"November 8, 2025",,upcoming,,"October 29, 2025 6:19 PM (CDT)",,,"October 29, 2025 6:19 PM (CDT)",🎯 MILESTONE: Phase 1 - Deep Data Research & Baseline Analysis (https://www.notion.so/c82043242a5349ffbad33e86cfb2905d?pvs=21),,,,,,,,default_task
Chapter 5: Section 5.2 - Failed Solutions: Why Conventional Policies Don't Work,Not started,,,,upcoming,,"October 29, 2025 5:33 PM (CDT)",,,"October 29, 2025 5:33 PM (CDT)",,,,,,,,,default_task
Chapter 5: Section 5.1 - Opening the Black Box: The Transmission Mechanism,Not started,,,,upcoming,,"October 29, 2025 5:33 PM (CDT)",,,"October 29, 2025 5:33 PM (CDT)",,,,,,,,,default_task
Chapter 4: Section 4.4 - Comparative Institutional Analysis,Not started,,,,upcoming,,"October 29, 2025 5:33 PM (CDT)",,,"October 29, 2025 5:33 PM (CDT)",,,,,,,,,default_task
Chapter 4: Section 4.3 - Institutional Accountability Gaps,Not started,,,,upcoming,,"October 29, 2025 5:33 PM (CDT)",,,"October 29, 2025 5:33 PM (CDT)",,,,,,,,,default_task
Chapter 3: Section 3.4 - International Comparison: Why America is Unique,Not started,,,,upcoming,,"October 29, 2025 5:33 PM (CDT)",,,"October 29, 2025 5:33 PM (CDT)",,,,,,,,,default_task
Chapter 3: Section 3.3 - Intergenerational Transmission,Not started,,,,upcoming,,"October 29, 2025 5:33 PM (CDT)",,,"October 29, 2025 5:33 PM (CDT)",,,,,,,,,default_task
Chapter 3: Section 3.2 - The Marriage Gap: Class Divergence,Not started,,,,upcoming,,"October 29, 2025 5:33 PM (CDT)",,,"October 29, 2025 5:33 PM (CDT)",,,,,,,,,default_task
Chapter 2: Section 2.3 - Void Interaction Effects,Not started,,,,upcoming,,"October 29, 2025 5:33 PM (CDT)",,,"October 29, 2025 5:33 PM (CDT)",,,,,,,,,default_task
Chapter 2: Section 2.2 - Comparative Baselines: What Normal Looks Like,Not started,,,,upcoming,,"October 29, 2025 5:33 PM (CDT)",,,"October 29, 2025 5:33 PM (CDT)",,,,,,,,,default_task
Chapter 2: Section 2.1 - The Mathematics of Absence: Void Fraction Methodology,Not started,,,,upcoming,,"October 29, 2025 5:33 PM (CDT)",,,"October 29, 2025 5:33 PM (CDT)",,,,,,,,,default_task
Chapter 4: Section 4.2 - The Stewardship Void: The $1.2-4.8 Trillion Question,Not started,,,,upcoming,,"October 29, 2025 5:33 PM (CDT)",,,"October 29, 2025 5:33 PM (CDT)",,,,,,,,,default_task
Chapter 1: Section 1.4 - Introducing the Void Fraction Framework,Not started,,,,upcoming,,"October 29, 2025 5:33 PM (CDT)",,,"October 29, 2025 5:33 PM (CDT)",,,,,,,,,default_task
"Chapter 4: Section 4.1 - The Educational Void: 406,964 Missing Teachers",Not started,,,,upcoming,,"October 29, 2025 5:33 PM (CDT)",,,"October 29, 2025 5:33 PM (CDT)",,,,,,,,,default_task
Chapter 1: Section 1.3 - The Genealogical Inheritance Hypothesis,Not started,,,,upcoming,,"October 29, 2025 5:33 PM (CDT)",,,"October 29, 2025 5:33 PM (CDT)",,,,,,,,,default_task
Chapter 3: Section 3.1 - The 40.5% Reality,Not started,,,,upcoming,,"October 29, 2025 5:33 PM (CDT)",,,"October 29, 2025 5:33 PM (CDT)",,,,,,,,,default_task
Opening Hook: The City Upon a Hill,Not started,,,,upcoming,,"October 29, 2025 5:33 PM (CDT)",,,"October 29, 2025 5:33 PM (CDT)",,,,,,2 (https://www.notion.so/11d8694420624a0d923a66e7dc148df9?pvs=21),,,default_task
2,Not started,,,,upcoming,,"October 29, 2025 5:33 PM (CDT)",,,"October 29, 2025 5:33 PM (CDT)",Opening Hook: The City Upon a Hill (https://www.notion.so/1690055e1f4049538639a4af582b7f30?pvs=21),,,,,3 (https://www.notion.so/479df122e6614162ab3fe3500381fee7?pvs=21),,,default_task
4,Not started,,,,upcoming,,"October 29, 2025 5:33 PM (CDT)",,,"October 29, 2025 5:33 PM (CDT)",3 (https://www.notion.so/479df122e6614162ab3fe3500381fee7?pvs=21),,,,,5 (https://www.notion.so/137fe03d62fe46ab9855123c47405ba2?pvs=21),,,default_task
3,Not started,,,,upcoming,,"October 29, 2025 5:33 PM (CDT)",,,"October 29, 2025 5:33 PM (CDT)",2 (https://www.notion.so/11d8694420624a0d923a66e7dc148df9?pvs=21),,,,,4 (https://www.notion.so/33ba59f4058f48c9b422dbd000849e05?pvs=21),,,default_task
5,Not started,,,,upcoming,,"October 29, 2025 5:33 PM (CDT)",,,"October 29, 2025 5:33 PM (CDT)",4 (https://www.notion.so/33ba59f4058f48c9b422dbd000849e05?pvs=21),,,,,,,,default_task
Chapter 1: Section 1.2 - Europe's Unwanted: The Demographic Reality,Not started,,,,upcoming,,"October 29, 2025 5:33 PM (CDT)",,,"October 29, 2025 5:33 PM (CDT)",,,,,,,,,default_task
Chapter 1: Section 1.1 - The Myth of the Chosen Nation,Not started,,,,upcoming,,"October 29, 2025 5:33 PM (CDT)",,,"October 29, 2025 5:33 PM (CDT)",,,,,,"2 (https://www.notion.so/19958e6f152847d4bbbc665b2128eeee?pvs=21), 3 (https://www.notion.so/93001f22c8cc4586a142c8370ad70b69?pvs=21), 4 (https://www.notion.so/bf9412c97f304e9585229709c76518cd?pvs=21), 5 (https://www.notion.so/9c4c3b50dae34ff590f3a580faf4cd91?pvs=21)",,,default_task
2,Not started,,,,upcoming,,"October 29, 2025 5:33 PM (CDT)",,,"October 29, 2025 5:33 PM (CDT)",Chapter 1: Section 1.1 - The Myth of the Chosen Nation (https://www.notion.so/23c1a91deb0f49ea8b20573db9ed69a0?pvs=21),,,,,,,,default_task
3,Not started,,,,upcoming,,"October 29, 2025 5:33 PM (CDT)",,,"October 29, 2025 5:33 PM (CDT)",Chapter 1: Section 1.1 - The Myth of the Chosen Nation (https://www.notion.so/23c1a91deb0f49ea8b20573db9ed69a0?pvs=21),,,,,,,,default_task
4,Not started,,,,upcoming,,"October 29, 2025 5:33 PM (CDT)",,,"October 29, 2025 5:33 PM (CDT)",Chapter 1: Section 1.1 - The Myth of the Chosen Nation (https://www.notion.so/23c1a91deb0f49ea8b20573db9ed69a0?pvs=21),,,,,,,,default_task
5,Not started,,,,upcoming,,"October 29, 2025 5:33 PM (CDT)",,,"October 29, 2025 5:33 PM (CDT)",Chapter 1: Section 1.1 - The Myth of the Chosen Nation (https://www.notion.so/23c1a91deb0f49ea8b20573db9ed69a0?pvs=21),,,,,,,,default_task
Ch 2: Educational Infrastructure Collapse and Intergenerational Theft,Not started,,,,upcoming,,"October 16, 2025 12:28 PM (CDT)",,,"October 18, 2025 10:26 AM (CDT)",,Reader Paths (https://www.notion.so/1661ceb0f92f46f6996642e4a43e69cd?pvs=21),,Prosecuting Inequity,,,,,default_task
Ch 3: The Digital Divide and Rural Economic Exclusion,Not started,,,,upcoming,,"October 16, 2025 12:29 PM (CDT)",,,"October 18, 2025 10:26 AM (CDT)",,Reader Paths (https://www.notion.so/1661ceb0f92f46f6996642e4a43e69cd?pvs=21),,Prosecuting Inequity,,,,,default_task
Ch 4: Opportunity Cost and Strategic Misallocation: The Golden Dome Case,Not started,,,,upcoming,,"October 16, 2025 12:29 PM (CDT)",,,"October 18, 2025 10:26 AM (CDT)",,Reader Paths (https://www.notion.so/1661ceb0f92f46f6996642e4a43e69cd?pvs=21),,Prosecuting Inequity,,,,,default_task
Ch 5: The Electric Vehicle Decarbonization Gap,Not started,,,,upcoming,,"October 16, 2025 12:29 PM (CDT)",,,"October 18, 2025 10:26 AM (CDT)",,Reader Paths (https://www.notion.so/1661ceb0f92f46f6996642e4a43e69cd?pvs=21),,Prosecuting Inequity,,,,,default_task
Ch 7: Religious Institutional Resources and Accountability for Social Decay,Not started,,,,upcoming,,"October 16, 2025 12:29 PM (CDT)",,,"October 18, 2025 10:26 AM (CDT)",,Reader Paths (https://www.notion.so/1661ceb0f92f46f6996642e4a43e69cd?pvs=21),,Prosecuting Inequity,,,,,default_task
Ch 6: Municipal Solid Waste: The 812-Kilogram American,Not started,,,,upcoming,,"October 16, 2025 12:29 PM (CDT)",,,"October 18, 2025 10:26 AM (CDT)",,Reader Paths (https://www.notion.so/1661ceb0f92f46f6996642e4a43e69cd?pvs=21),,Prosecuting Inequity,,,,,default_task
Ch 8: Clean Energy Credit Concentration and the Equity Failure,Not started,,,,upcoming,,"October 16, 2025 12:30 PM (CDT)",,,"October 18, 2025 10:26 AM (CDT)",,Reader Paths (https://www.notion.so/1661ceb0f92f46f6996642e4a43e69cd?pvs=21),,Prosecuting Inequity,,,,,default_task
Ch 9: Entrants vs. Incumbents: The Central Policy Challenge,Not started,,,,upcoming,,"October 16, 2025 12:30 PM (CDT)",,,"October 18, 2025 10:26 AM (CDT)",,Reader Paths (https://www.notion.so/1661ceb0f92f46f6996642e4a43e69cd?pvs=21),,Prosecuting Inequity,,,,,default_task
Ch 11: Parliament-Based Allocation and Stakeholder Representation,Not started,,,,upcoming,,"October 16, 2025 12:30 PM (CDT)",,,"October 18, 2025 10:26 AM (CDT)",,Reader Paths (https://www.notion.so/1661ceb0f92f46f6996642e4a43e69cd?pvs=21),,Prosecuting Inequity,,,,,default_task
Ch 10: Reusable Capital: Amplifying Public Investment Through Recycling,Not started,,,,upcoming,,"October 16, 2025 12:30 PM (CDT)",,,"October 18, 2025 10:26 AM (CDT)",,Reader Paths (https://www.notion.so/1661ceb0f92f46f6996642e4a43e69cd?pvs=21),,Prosecuting Inequity,,,,,default_task
"Ch 1: Currency, Competitiveness, and the Erosion of National Capacity",Not started,,,,upcoming,,"October 16, 2025 12:28 PM (CDT)",,,"October 18, 2025 10:26 AM (CDT)",,Reader Paths (https://www.notion.so/1661ceb0f92f46f6996642e4a43e69cd?pvs=21),,Prosecuting Inequity,,,,,default_task
Ch 12: Performance Accountability and Conditional Benefits,Not started,,,,upcoming,,"October 16, 2025 12:31 PM (CDT)",,,"October 18, 2025 10:26 AM (CDT)",,Reader Paths (https://www.notion.so/1661ceb0f92f46f6996642e4a43e69cd?pvs=21),,Prosecuting Inequity,,,,,default_task
Ch 12: Performance Accountability and Conditional Benefits,Not started,,,,upcoming,,"October 16, 2025 12:35 PM (CDT)",,,"October 18, 2025 10:26 AM (CDT)",,Reader Paths (https://www.notion.so/1661ceb0f92f46f6996642e4a43e69cd?pvs=21),,Prosecuting Inequity,,,,,default_task
Ch 13-19: PART III - TECHNICAL PATHWAYS (Biomass-to-Hydrogen),Not started,,,,upcoming,,"October 16, 2025 12:37 PM (CDT)",,,"October 18, 2025 10:26 AM (CDT)",,Reader Paths (https://www.notion.so/1661ceb0f92f46f6996642e4a43e69cd?pvs=21),,Prosecuting Inequity,,,,,default_task
Ch 12: Performance Accountability,Not started,,,,upcoming,,"October 16, 2025 12:36 PM (CDT)",,,"October 18, 2025 10:26 AM (CDT)",,Reader Paths (https://www.notion.so/1661ceb0f92f46f6996642e4a43e69cd?pvs=21),,Prosecuting Inequity,,,,,default_task
Ch 20-24: PART IV - INTEGRATION AND IMPLEMENTATION,Not started,,,,upcoming,,"October 16, 2025 12:38 PM (CDT)",,,"October 18, 2025 10:26 AM (CDT)",,Reader Paths (https://www.notion.so/1661ceb0f92f46f6996642e4a43e69cd?pvs=21),,Prosecuting Inequity,,,,,default_task
Ch 25-28: PART V - CONCLUSIONS AND ACTIONABLE FRAMEWORKS,Not started,,,,upcoming,,"October 16, 2025 12:38 PM (CDT)",,,"October 18, 2025 10:26 AM (CDT)",,Reader Paths (https://www.notion.so/1661ceb0f92f46f6996642e4a43e69cd?pvs=21),,Prosecuting Inequity,,,,,default_task
"APPENDICES A-E: Technical Data, Legislative Templates, Economic Models, Methodology, Case Studies",Not started,,,,upcoming,,"October 16, 2025 12:38 PM (CDT)",,,"October 18, 2025 10:26 AM (CDT)",,Reader Paths (https://www.notion.so/1661ceb0f92f46f6996642e4a43e69cd?pvs=21),,Prosecuting Inequity,,,,,default_task
📚 READING PATH GUIDE: How Different Readers Should Navigate This Book,Not started,,,,upcoming,,"October 16, 2025 12:40 PM (CDT)",,,"October 18, 2025 10:26 AM (CDT)",,Reader Paths (https://www.notion.so/1661ceb0f92f46f6996642e4a43e69cd?pvs=21),,Prosecuting Inequity,,,,,default_task
📊 QUICK REFERENCE MATRIX: Chapter Relevance by Reader Type,Not started,,,,upcoming,,"October 16, 2025 12:41 PM (CDT)",,,"October 18, 2025 10:26 AM (CDT)",,Reader Paths (https://www.notion.so/1661ceb0f92f46f6996642e4a43e69cd?pvs=21),,Prosecuting Inequity,,,,,default_task
