Criterion Name,Category,Complexity,Description,Formula/Method,Framework Source,Implementation Status,Level,Performance (ρ),Place,Research Dataset,Tools,Type
Subject-Verb Agreement,Grammar,O(n),Count of subject-verb agreement errors in text,,e-rater,Planned,Sentence,,,,"NLTK, spaCy",Quantitative
Discourse Marker Density,Discourse,O(n),Ratio of discourse markers per 100 words,connective_count / (word_count / 100),"PDTB, e-rater",Planned,"Document, Sentence",,,,"Custom, NLTK",Quantitative
LSA Cosine Similarity,Semantics,O(n³) for SVD,Semantic similarity between adjacent text segments using Latent Semantic Analysis,"cosine(LSA_vector_i, LSA_vector_j)","IEA, LSA",Planned,"Document, Paragraph, Sentence",0.55,,GCDC,"Gensim, sklearn",Quantitative
Topic Consistency (LDA),Semantics,O(n³),Topic distribution similarity across text segments,Topic overlap or KL divergence between segments,LSA,Planned,"Document, Paragraph, Section",0.5,,,"BERTopic, Gensim",Quantitative
Topic Sentence Presence,Structural,,Each paragraph has clear topic sentence,First sentence semantic centrality to paragraph,Custom,Planned,Paragraph,,,,"Custom, SBERT",Qualitative
Claims-Evidence Alignment,Argumentation,,Academic: claims reference results/data in same paper,Backward reference checking from claim sentences,Custom,Future,"Document, Paragraph",0.63,,ASAP,Custom,Qualitative
Event Graph Connectivity,Structural,O(n²),Fiction: events connect in logical sequence,"Graph connectivity metrics on (Action, Subject, Object, Time) tuples",Custom,Future,Document,,,,Custom,Quantitative
Terminology Consistency,Coherence,O(n),Same concept = same term throughout (technical writing),term_consistency_ratio = repeated_terms / total_unique_terms,Custom,Planned,"Document, Word",,,,"Custom, spaCy",Quantitative
,,,,,,,,,,,,
Pronoun Clarity,Coherence,,"Whether pronouns have clear, unambiguous antecedents",Binary per pronoun; ambiguous_pronouns / total_pronouns,Coh-Metrix,Planned,Sentence,,,,"AllenNLP, spaCy",Qualitative
Bibliographic Coupling,Structural,O(n²),Cited papers share references with each other,Jaccard similarity on reference lists,Custom,Future,Document,,,,Custom,Quantitative
Capacity-Weighted Jaccard,Structural,O(n),Reference overlap weighted by entity capacity/significance in hierarchy,weighted_intersection / weighted_union where weights = entity_capacity,Custom,Implemented,Multi-scale,,,,Custom,Quantitative
,,,,,,,,,,,,
Paragraph Transition Quality,Coherence,,Smoothness and logical connection between paragraphs,Presence of transition phrases; topic continuity,Custom,Planned,Paragraph,,,,Custom,Qualitative
Toulmin Warrants,Argumentation,,Explicit reasoning connecting evidence to claims,Presence/absence; warrant quality assessment,Toulmin,Future,"Paragraph, Sentence",0.58,,ASAP,Custom,Qualitative
Paragraph Length Balance,Structural,O(n),Appropriate and varied paragraph lengths,std_dev(paragraph_length); outlier detection,Custom,Planned,"Document, Paragraph",,,,Custom,Quantitative
Spatial Consistency,Coherence,,"Fiction: consistent setting descriptions, logical movement",Location contradiction detection,Custom,Future,Document,,,,Custom,Qualitative
Tense Consistency,Grammar,,Consistent verb tense within scenes/sections,Tense shift detection; inappropriate_shifts / total_sentences,Custom,Planned,"Paragraph, Sentence",,,,spaCy,Qualitative
Narrative Schema Alignment,Structural,,"Fiction: follows recognizable patterns (Hero's Journey, 3-act, etc.)",Pattern matching to narrative templates,Custom,Future,Document,,,,Custom,Qualitative
Vocabulary Sophistication,Style,O(n),Word frequency-based sophistication; use of advanced vocabulary,avg_word_frequency_rank or rare_word_ratio,e-rater,Planned,"Document, Word",,,"ASAP, TOEFL11","Custom, NLTK",Quantitative
Citation Network Clustering,Structural,O(n²),Citations form coherent clusters (academic texts),Graph clustering coefficient on citation network,Custom,Future,Document,,,,Custom,Quantitative
Sentence Variety,Style,O(n),Variation in sentence length and complexity,std_dev(sentence_length); simple/compound/complex ratio,e-rater,Planned,"Document, Sentence",,,,"NLTK, spaCy",Quantitative
Logical Fallacy Detection,Argumentation,,"Presence of ad hominem, straw man, false dichotomy, etc.",Fallacy type classification,Custom,Future,"Paragraph, Sentence",,,,"Custom, HuggingFace",Qualitative
Logical Paragraph Breaks,Structural,,Paragraphs break at logical topic boundaries,Topic model consistency within paragraphs,e-rater,Planned,Paragraph,,,,Custom,Qualitative
Bloom's Cognitive Level,Argumentation,,Cognitive complexity: Knowledge/Comprehension vs Analysis/Synthesis/Evaluation,Classification of dominant cognitive level,Bloom's Taxonomy,Future,Document,0.58,,ASAP,"Custom, HuggingFace",Qualitative
Wrong Word Usage,Grammar,O(n),Contextually inappropriate word choices,contextual_error_count,e-rater,Planned,"Sentence, Word",,,,Custom,Quantitative
Toulmin Qualifiers,Argumentation,,"Use of hedging words (likely, probably, may)",Qualifier presence; appropriate usage assessment,Toulmin,Future,Sentence,,,,"Custom, NLTK",Qualitative
Cross-Reference Validity,Structural,,All cross-references point to existing entities,Broken reference count,Custom,Implemented,"Document, Multi-scale",,,,Custom,Qualitative
Temporal Flow Markers,Coherence,O(n),"Fiction: time markers for transitions (""the next day"", ""meanwhile"")",Temporal_markers / scene_transitions,Custom,Future,"Paragraph, Sentence",,,,"Custom, NLTK",Quantitative
Thesis Statement Presence,Argumentation,,Presence and clarity of main argument/thesis in introduction,Binary detection; thesis clarity rating,e-rater,Future,Document,0.55,,ASAP,"Custom, HuggingFace",Qualitative
Centering Continue Transitions,Entity-Based,O(s·e),Proportion of Continue transitions (same entity remains center) vs Retain or Shift,continue_count / total_transitions,Centering Theory,Planned,Sentence,0.6,,GCDC,"AllenNLP, Custom, spaCy",Quantitative
RST Relation Patterns,Discourse,O(n²),"Distribution and sequencing of rhetorical relations (Elaboration, Cause, Contrast)",Relation type frequencies; preferred sequences,RST,Future,"Document, Paragraph, Sentence",0.6,,GCDC,discopy,Qualitative
Methods-Results Alignment,Coherence,,Academic: 1:1 correspondence between methods and reported results,Orphan result detection,Custom,Future,Document,,,,Custom,Qualitative
Word Overlap (Jaccard),Structural,O(n·m),Lexical overlap between adjacent text segments,|A ∩ B| / |A ∪ B|,"Coh-Metrix, Custom",Planned,"Paragraph, Sentence",0.4,,,"NLTK, sklearn",Quantitative
Active Voice Ratio,Style,O(n),Proportion of active vs passive voice constructions,active_sentences / total_sentences,Custom,Planned,"Document, Sentence",,,,spaCy,Quantitative
SOLO Taxonomy Level,Argumentation,,Structural complexity: Pre-structural → Uni → Multi → Relational → Extended Abstract,Classification based on idea integration,SOLO Taxonomy,Future,"Document, Paragraph",0.6,,ASAP,Custom,Qualitative
Counter-Argument Presence,Argumentation,,Alternative viewpoints acknowledged,Binary or count of counter-argument sections,Toulmin,Future,"Document, Paragraph",0.54,,ASAP,Custom,Qualitative
Character Consistency,Entity-Based,,Fiction: character traits and motivations remain stable,Contradiction detection in character actions/descriptions,Custom,Future,"Document, Multi-scale",,,,"Custom, spaCy",Qualitative
Gunning Fog Index,Style,O(n),Years of education needed to understand text,0.4  ((words/sentences) + 100  (complex_words/words)),Custom,Planned,Document,,,,"Custom, NLTK",Quantitative
Plot Coherence,Coherence,,"Fiction: clear causal chains, no unexplained jumps",Event graph connectivity; dangling plot threads,Custom,Future,"Document, Multi-scale",,,,Custom,Qualitative
Entity Grid Transitions,Entity-Based,O(n² × e),"Probability of entity role transitions (S→S, S→O, etc.) across consecutive sentences",P(r_i→r_j) = count(r_i→r_j) / total_transitions,Entity Grid,Planned,"Multi-scale, Sentence",0.65,,"ASAP, GCDC","sklearn, spaCy",Quantitative
Article Errors,Grammar,O(n),Incorrect use of a/an/the or missing articles,article_error_count,e-rater,Planned,"Sentence, Word",,,,"Custom, spaCy",Quantitative
Toulmin Grounds/Evidence,Argumentation,,"Supporting evidence for claims (data, examples, expert opinion)",Evidence sentences per claim; evidence quality rating,Toulmin,Future,"Document, Paragraph",0.62,,ASAP,"Custom, HuggingFace",Hybrid
Toulmin Claim Presence,Argumentation,,"Whether essay contains clear, identifiable claim statements",Binary or count of claim sentences,Toulmin,Future,"Document, Paragraph",0.6,,ASAP,"Custom, HuggingFace",Qualitative
IMRD Structure Conformity,Structural,,Academic: proper Intro/Methods/Results/Discussion structure,Section classification; expected content per section,Custom,Future,"Document, Section",,,,Custom,Qualitative
Grammar Error Count,Grammar,O(n),Total grammatical errors per 1000 words,error_count / (word_count / 1000),e-rater,Planned,"Document, Sentence",0.7,,"ASAP, TOEFL11","Custom, spaCy",Quantitative
Limitation Discussion Presence,Argumentation,,Academic: limitations acknowledged,Binary detection of limitation section/discussion,Custom,Future,Document,,,,Custom,Qualitative
Redundancy Detection,Style,O(n²),Repeated words or phrases without purpose,N-gram repetition count; semantic similarity threshold,e-rater,Planned,"Paragraph, Sentence",,,,"Custom, NLTK",Quantitative
Toulmin Rebuttals,Argumentation,,Counter-arguments addressed and rebutted,Rebuttal detection; quality assessment,Toulmin,Future,"Document, Paragraph",0.57,,ASAP,Custom,Qualitative
PDTB Relation Sequences,Discourse,O(n·R²),"Discourse relation transition patterns (e.g., Contrast→Cause is common)",Observed vs expected relation sequences,PDTB,Future,Sentence,0.65,,GCDC,Custom,Quantitative
Coreference Chain Length,Entity-Based,O(n),Number of sentences in which the same entity is referenced,max(chain_length) or avg(chain_length),"Centering Theory, Coh-Metrix",Planned,"Multi-scale, Paragraph, Sentence",,,GCDC,"AllenNLP, spaCy",Quantitative
Spelling Errors,Grammar,O(n),Misspelled words count,misspelling_count / total_words,e-rater,Planned,"Document, Word",,,,"Custom, NLTK",Quantitative
Punctuation Errors,Grammar,O(n),"Incorrect comma usage, missing periods, etc.",punctuation_error_count,e-rater,Planned,Sentence,,,,"Custom, spaCy",Quantitative
Section Ordering Logic,Structural,,Sections follow logical progression,Dependency analysis; prerequisite ordering,Custom,Planned,"Document, Section",,,,Custom,Qualitative
Entity Salience Score,Entity-Based,O(n),"Importance/prominence of key entities (e.g., protagonist-centeredness in fiction)",mention_frequency × role_weight (Subject weighted higher),Entity Grid,Planned,"Document, Multi-scale",,,,"Custom, spaCy",Quantitative
Intro-Conclusion Alignment,Structural,,Introduction and conclusion mirror each other thematically,Semantic similarity between intro and conclusion,Custom,Planned,Document,,,,"Custom, SBERT",Qualitative
SBERT Sentence Similarity,Semantics,O(n·d),Semantic similarity between adjacent sentences using sentence-BERT embeddings,"cosine_similarity(embed_i, embed_i+1)",BERT,Planned,"Paragraph, Sentence",0.75,,GCDC,"HuggingFace, SBERT",Quantitative
Lexical Chain Continuity,Coherence,O(n),Related words create semantic continuity,Chain length; semantic field consistency,Coh-Metrix,Planned,"Document, Paragraph",,,,"Custom, NLTK",Quantitative
Acronym Definition,Coherence,,Acronyms defined at first use,Undefined_acronyms / total_acronyms,Custom,Planned,"Document, Word",,,,Custom,Qualitative
Discourse Connective Count,Discourse,O(n),"Frequency of explicit discourse markers (however, therefore, meanwhile, etc.)",connectives_count / total_sentences,"PDTB, e-rater",Planned,"Document, Sentence",,,ASAP,"Custom, NLTK",Quantitative
Flesch Reading Ease,Style,O(n),Readability score based on sentence length and syllables,206.835 - 1.015(words/sentences) - 84.6(syllables/words),Custom,Planned,Document,,,,"Custom, NLTK",Quantitative
Forward Reference Detection,Structural,,Terms used before definition/explanation,Count of forward references in dependency graph,Custom,Planned,Document,,,,Custom,Qualitative
